panel,time_step,avg_return,n_attackers,attack_mode,n_targets
a,0,3.774968237261731,1,static,1
a,1,4.144252649424746,1,static,1
a,2,4.289181434471205,1,static,1
a,3,4.402993618692145,1,static,1
a,4,4.589021593099067,1,static,1
a,5,4.641963367144176,1,static,1
a,6,4.6787590235984835,1,static,1
a,7,4.7155685822895546,1,static,1
a,8,4.780146583557997,1,static,1
a,9,4.807835113681843,1,static,1
a,10,4.835289268935555,1,static,1
a,11,4.862372503244578,1,static,1
a,12,4.886986805076591,1,static,1
a,13,4.895908413759471,1,static,1
a,14,4.8962633406589555,1,static,1
a,15,4.923953672911818,1,static,1
a,16,4.922603024389867,1,static,1
a,17,4.921549249925014,1,static,1
a,18,4.918116186716119,1,static,1
a,19,4.943598579464911,1,static,1
a,20,4.951139964897133,1,static,1
a,21,4.9551489088360565,1,static,1
a,22,4.95423761070018,1,static,1
a,23,4.960182407265209,1,static,1
a,24,4.946490125079033,1,static,1
a,25,4.940314035113805,1,static,1
a,26,4.949492575228297,1,static,1
a,27,4.9577479201660095,1,static,1
a,28,4.955252906450543,1,static,1
a,29,4.958823724245588,1,static,1
a,30,4.9647891054672435,1,static,1
a,31,4.967864072054841,1,static,1
a,32,4.977306296769095,1,static,1
a,33,4.983641245529704,1,static,1
a,34,4.9918485743766485,1,static,1
a,35,4.998502173020881,1,static,1
a,36,5.003658039791084,1,static,1
a,37,5.000998048788828,1,static,1
a,38,5.011092064841558,1,static,1
a,39,5.013916602449912,1,static,1
a,40,5.0153353099623255,1,static,1
a,41,5.010514626212237,1,static,1
a,42,5.013384347523272,1,static,1
a,43,5.0190897235658145,1,static,1
a,44,5.016373567377332,1,static,1
a,45,5.013694008514129,1,static,1
a,46,5.015910517194996,1,static,1
a,47,5.015280607959319,1,static,1
a,48,5.016707921608116,1,static,1
a,49,5.022256994410187,1,static,1
a,50,5.0262537606737485,1,static,1
a,51,5.03260941131545,1,static,1
a,52,5.028392264418486,1,static,1
a,53,5.025929061469733,1,static,1
a,54,5.027567538538283,1,static,1
a,55,5.02768657613485,1,static,1
a,56,5.024477021865438,1,static,1
a,57,5.024098826730133,1,static,1
a,58,5.0305440947900575,1,static,1
a,59,5.034715028843052,1,static,1
a,60,5.039112477650209,1,static,1
a,61,5.040671346742319,1,static,1
a,62,5.042162306067369,1,static,1
a,63,5.043929172704972,1,static,1
a,64,5.04505954757156,1,static,1
a,65,5.044197854627084,1,static,1
a,66,5.049106835066161,1,static,1
a,67,5.049750624393016,1,static,1
a,68,5.051845270014653,1,static,1
a,69,5.05286135035342,1,static,1
a,70,5.050125041308007,1,static,1
a,71,5.0529449516906855,1,static,1
a,72,5.049130681993203,1,static,1
a,73,5.054087695525836,1,static,1
a,74,5.05548358245918,1,static,1
a,75,5.055430866660745,1,static,1
a,76,5.054879547197364,1,static,1
a,77,5.053116594315383,1,static,1
a,78,5.0538803432048605,1,static,1
a,79,5.0502191629831135,1,static,1
a,80,5.048001587100652,1,static,1
a,81,5.048150045022934,1,static,1
a,82,5.047694358873095,1,static,1
a,83,5.051716863466851,1,static,1
a,84,5.053787467847788,1,static,1
a,85,5.054408882199628,1,static,1
a,86,5.050906772902656,1,static,1
a,87,5.052180591291107,1,static,1
a,88,5.0528564759152745,1,static,1
a,89,5.052315672583951,1,static,1
a,90,5.054509289868793,1,static,1
a,91,5.055360435617644,1,static,1
a,92,5.052299117814258,1,static,1
a,93,5.054977914746015,1,static,1
a,94,5.05926292394911,1,static,1
a,95,5.059277681291703,1,static,1
a,96,5.063751289794235,1,static,1
a,97,5.06568085699218,1,static,1
a,98,5.0678190854261365,1,static,1
a,99,5.065347324252661,1,static,1
a,0,3.830478514370973,3,static,1
a,1,4.163203458281117,3,static,1
a,2,4.369308770974409,3,static,1
a,3,4.401118743199415,3,static,1
a,4,4.565636477547229,3,static,1
a,5,4.648273669266676,3,static,1
a,6,4.723082727392039,3,static,1
a,7,4.813052882071498,3,static,1
a,8,4.842043992758987,3,static,1
a,9,4.849071743024215,3,static,1
a,10,4.8843526972244335,3,static,1
a,11,4.90622050886756,3,static,1
a,12,4.92046809263013,3,static,1
a,13,4.919350379571759,3,static,1
a,14,4.938783316235216,3,static,1
a,15,4.9264742582409475,3,static,1
a,16,4.9372185457281095,3,static,1
a,17,4.927606752264016,3,static,1
a,18,4.944415008423583,3,static,1
a,19,4.955631864174114,3,static,1
a,20,4.970277888458371,3,static,1
a,21,4.976418078685155,3,static,1
a,22,4.976247206621733,3,static,1
a,23,4.9751312016526645,3,static,1
a,24,4.986447340874266,3,static,1
a,25,5.00205776995031,3,static,1
a,26,5.01333116827779,3,static,1
a,27,5.023992537247073,3,static,1
a,28,5.023083799703429,3,static,1
a,29,5.0305662878518715,3,static,1
a,30,5.022537193938474,3,static,1
a,31,5.02566182482069,3,static,1
a,32,5.0233920730363355,3,static,1
a,33,5.0286743701325545,3,static,1
a,34,5.029642944312736,3,static,1
a,35,5.036549996062644,3,static,1
a,36,5.039220010910209,3,static,1
a,37,5.048076014885879,3,static,1
a,38,5.054087366639693,3,static,1
a,39,5.059585425613274,3,static,1
a,40,5.059050037736982,3,static,1
a,41,5.062033019548313,3,static,1
a,42,5.0548764857543595,3,static,1
a,43,5.060277865697483,3,static,1
a,44,5.057896060035193,3,static,1
a,45,5.059960810577747,3,static,1
a,46,5.063680657636934,3,static,1
a,47,5.066040136855026,3,static,1
a,48,5.069607202886968,3,static,1
a,49,5.0712715629000416,3,static,1
a,50,5.0683430773796925,3,static,1
a,51,5.068291403751958,3,static,1
a,52,5.076323039494987,3,static,1
a,53,5.076726866021814,3,static,1
a,54,5.082803953195023,3,static,1
a,55,5.079840380330074,3,static,1
a,56,5.082019376592111,3,static,1
a,57,5.083542401948788,3,static,1
a,58,5.0841812353069935,3,static,1
a,59,5.081451123750406,3,static,1
a,60,5.084941669843832,3,static,1
a,61,5.083105650693033,3,static,1
a,62,5.084616714583298,3,static,1
a,63,5.089791018296976,3,static,1
a,64,5.095695872723167,3,static,1
a,65,5.095937692405717,3,static,1
a,66,5.096082812464395,3,static,1
a,67,5.090782504958774,3,static,1
a,68,5.088154237175733,3,static,1
a,69,5.086755881723815,3,static,1
a,70,5.088554997869066,3,static,1
a,71,5.089148449794005,3,static,1
a,72,5.090431071842999,3,static,1
a,73,5.086993473252588,3,static,1
a,74,5.0902492955665934,3,static,1
a,75,5.091568522591393,3,static,1
a,76,5.092052487889872,3,static,1
a,77,5.087554640677076,3,static,1
a,78,5.088483590353085,3,static,1
a,79,5.085607959464612,3,static,1
a,80,5.081310141026338,3,static,1
a,81,5.080826197814346,3,static,1
a,82,5.0852510898094545,3,static,1
a,83,5.087715001798331,3,static,1
a,84,5.089053125707176,3,static,1
a,85,5.091974416622173,3,static,1
a,86,5.0907252925226825,3,static,1
a,87,5.091286173066139,3,static,1
a,88,5.089546444311585,3,static,1
a,89,5.091472606521652,3,static,1
a,90,5.092634035165677,3,static,1
a,91,5.093009664029795,3,static,1
a,92,5.0927118962781455,3,static,1
a,93,5.0891339179185655,3,static,1
a,94,5.089081481530077,3,static,1
a,95,5.091428610929616,3,static,1
a,96,5.093153749375107,3,static,1
a,97,5.092082527018448,3,static,1
a,98,5.094263871854842,3,static,1
a,99,5.096213800857107,3,static,1
a,0,3.678618359850893,5,static,1
a,1,3.8668970349008056,5,static,1
a,2,3.7881064997809992,5,static,1
a,3,4.044394705425972,5,static,1
a,4,4.234174581468808,5,static,1
a,5,4.419775440756227,5,static,1
a,6,4.510780693786265,5,static,1
a,7,4.579823449491624,5,static,1
a,8,4.619323122573105,5,static,1
a,9,4.667774555793711,5,static,1
a,10,4.66688034737711,5,static,1
a,11,4.701961604967235,5,static,1
a,12,4.74980184035029,5,static,1
a,13,4.755790834234759,5,static,1
a,14,4.787305639622191,5,static,1
a,15,4.804589198773907,5,static,1
a,16,4.812466215984479,5,static,1
a,17,4.849994513533346,5,static,1
a,18,4.8551766283793185,5,static,1
a,19,4.878288409900799,5,static,1
a,20,4.892198510443792,5,static,1
a,21,4.914145975114916,5,static,1
a,22,4.921295082605796,5,static,1
a,23,4.926214818572497,5,static,1
a,24,4.931594876412202,5,static,1
a,25,4.938550963417969,5,static,1
a,26,4.945004177690423,5,static,1
a,27,4.958416321469265,5,static,1
a,28,4.955507829518597,5,static,1
a,29,4.968570831884465,5,static,1
a,30,4.973501365917246,5,static,1
a,31,4.971371871029778,5,static,1
a,32,4.969474856854942,5,static,1
a,33,4.980734526700228,5,static,1
a,34,4.982636328548186,5,static,1
a,35,4.978211325624873,5,static,1
a,36,4.977196132070443,5,static,1
a,37,4.977687685410687,5,static,1
a,38,4.981698821448935,5,static,1
a,39,4.982503385360962,5,static,1
a,40,4.992354572656566,5,static,1
a,41,4.995555594382891,5,static,1
a,42,4.9981955238008124,5,static,1
a,43,5.001566269659498,5,static,1
a,44,4.998617094523322,5,static,1
a,45,4.9947128627545165,5,static,1
a,46,4.993485585628462,5,static,1
a,47,4.997202259880083,5,static,1
a,48,5.005101680060522,5,static,1
a,49,5.006198407005338,5,static,1
a,50,5.010690367148179,5,static,1
a,51,5.007389787761222,5,static,1
a,52,5.014142786525461,5,static,1
a,53,5.0191605852894945,5,static,1
a,54,5.02310598197173,5,static,1
a,55,5.01770469575242,5,static,1
a,56,5.0172698197207595,5,static,1
a,57,5.018241012395406,5,static,1
a,58,5.0184609933432425,5,static,1
a,59,5.0214061829995735,5,static,1
a,60,5.024008354899379,5,static,1
a,61,5.020963430261358,5,static,1
a,62,5.0268294291644935,5,static,1
a,63,5.028614779285602,5,static,1
a,64,5.029714179786,5,static,1
a,65,5.032758816586798,5,static,1
a,66,5.03819578313743,5,static,1
a,67,5.038956980492806,5,static,1
a,68,5.038999156964131,5,static,1
a,69,5.039242726096103,5,static,1
a,70,5.04231300339431,5,static,1
a,71,5.042766946902451,5,static,1
a,72,5.044294328486326,5,static,1
a,73,5.045451146214039,5,static,1
a,74,5.040722031296652,5,static,1
a,75,5.043843123976039,5,static,1
a,76,5.044082440257242,5,static,1
a,77,5.0420718099976005,5,static,1
a,78,5.039675841929838,5,static,1
a,79,5.034948320079352,5,static,1
a,80,5.034577412986702,5,static,1
a,81,5.032731394233474,5,static,1
a,82,5.031686593461725,5,static,1
a,83,5.037285396661295,5,static,1
a,84,5.0338939231887485,5,static,1
a,85,5.033242327952302,5,static,1
a,86,5.036081141898274,5,static,1
a,87,5.038286325372727,5,static,1
a,88,5.0392797518344485,5,static,1
a,89,5.038588945297546,5,static,1
a,90,5.038579955461062,5,static,1
a,91,5.039852935344381,5,static,1
a,92,5.037968623281093,5,static,1
a,93,5.039551200397639,5,static,1
a,94,5.035710818610215,5,static,1
a,95,5.035359852730501,5,static,1
a,96,5.035246643430976,5,static,1
a,97,5.033967880870142,5,static,1
a,98,5.033568379238901,5,static,1
a,99,5.0348760879551655,5,static,1
b,0,3.740839145443925,1,dynamic,1
b,1,4.168004005943718,1,dynamic,1
b,2,4.248211761939134,1,dynamic,1
b,3,4.457085436741408,1,dynamic,1
b,4,4.599877817334102,1,dynamic,1
b,5,4.706305415040338,1,dynamic,1
b,6,4.750321026582725,1,dynamic,1
b,7,4.760657416483747,1,dynamic,1
b,8,4.795784758649255,1,dynamic,1
b,9,4.813272233915093,1,dynamic,1
b,10,4.860377378319213,1,dynamic,1
b,11,4.875545228166103,1,dynamic,1
b,12,4.882223383770417,1,dynamic,1
b,13,4.870793793733461,1,dynamic,1
b,14,4.880566458841885,1,dynamic,1
b,15,4.905258593735649,1,dynamic,1
b,16,4.927486364491573,1,dynamic,1
b,17,4.936271211140658,1,dynamic,1
b,18,4.9176267762776735,1,dynamic,1
b,19,4.942032006664143,1,dynamic,1
b,20,4.950051698668631,1,dynamic,1
b,21,4.953182259805192,1,dynamic,1
b,22,4.944633760452824,1,dynamic,1
b,23,4.927840340293936,1,dynamic,1
b,24,4.922529264727267,1,dynamic,1
b,25,4.923831003771759,1,dynamic,1
b,26,4.934008644224348,1,dynamic,1
b,27,4.950275301482894,1,dynamic,1
b,28,4.9552430905068645,1,dynamic,1
b,29,4.945494220774392,1,dynamic,1
b,30,4.942953075177318,1,dynamic,1
b,31,4.940889287849682,1,dynamic,1
b,32,4.9485221288554015,1,dynamic,1
b,33,4.949738730481394,1,dynamic,1
b,34,4.9573361046447415,1,dynamic,1
b,35,4.965073674349827,1,dynamic,1
b,36,4.9681491236867865,1,dynamic,1
b,37,4.969960403667554,1,dynamic,1
b,38,4.980761244170198,1,dynamic,1
b,39,4.980770566392926,1,dynamic,1
b,40,4.990554123776297,1,dynamic,1
b,41,4.993268816047056,1,dynamic,1
b,42,4.989963630225654,1,dynamic,1
b,43,4.9960390182102605,1,dynamic,1
b,44,4.997275719989144,1,dynamic,1
b,45,4.99956958533791,1,dynamic,1
b,46,4.999600296799383,1,dynamic,1
b,47,4.996764718130634,1,dynamic,1
b,48,5.002982297434538,1,dynamic,1
b,49,5.008240341468865,1,dynamic,1
b,50,5.009355452400533,1,dynamic,1
b,51,5.007566121257891,1,dynamic,1
b,52,5.002283665294877,1,dynamic,1
b,53,5.001461520204494,1,dynamic,1
b,54,5.001036946008873,1,dynamic,1
b,55,4.997524149863009,1,dynamic,1
b,56,5.000438307139947,1,dynamic,1
b,57,5.004113630315294,1,dynamic,1
b,58,5.014915046792372,1,dynamic,1
b,59,5.017588431293191,1,dynamic,1
b,60,5.018145882280016,1,dynamic,1
b,61,5.017295045084818,1,dynamic,1
b,62,5.018047562772406,1,dynamic,1
b,63,5.018212887702081,1,dynamic,1
b,64,5.021915369676453,1,dynamic,1
b,65,5.024269531302051,1,dynamic,1
b,66,5.024018602695708,1,dynamic,1
b,67,5.025707752864151,1,dynamic,1
b,68,5.024951848277993,1,dynamic,1
b,69,5.027793270922609,1,dynamic,1
b,70,5.031781795254253,1,dynamic,1
b,71,5.035665829634251,1,dynamic,1
b,72,5.031341284074062,1,dynamic,1
b,73,5.035078741376017,1,dynamic,1
b,74,5.037107703139258,1,dynamic,1
b,75,5.037721753556467,1,dynamic,1
b,76,5.037620169923354,1,dynamic,1
b,77,5.037399188231487,1,dynamic,1
b,78,5.0435974707495745,1,dynamic,1
b,79,5.039797722059294,1,dynamic,1
b,80,5.040825973816843,1,dynamic,1
b,81,5.043162332060965,1,dynamic,1
b,82,5.0425512052883965,1,dynamic,1
b,83,5.046690695963754,1,dynamic,1
b,84,5.050509831546715,1,dynamic,1
b,85,5.052990440896004,1,dynamic,1
b,86,5.050039199173426,1,dynamic,1
b,87,5.049990192796473,1,dynamic,1
b,88,5.051113387898898,1,dynamic,1
b,89,5.0498293277178306,1,dynamic,1
b,90,5.050478573189152,1,dynamic,1
b,91,5.0492251121184815,1,dynamic,1
b,92,5.05261800474543,1,dynamic,1
b,93,5.052468009206833,1,dynamic,1
b,94,5.056108291424302,1,dynamic,1
b,95,5.052502792657598,1,dynamic,1
b,96,5.053034505994909,1,dynamic,1
b,97,5.051155241951954,1,dynamic,1
b,98,5.054641617514941,1,dynamic,1
b,99,5.052996799790123,1,dynamic,1
b,0,3.766887717385789,3,dynamic,1
b,1,3.855947094542727,3,dynamic,1
b,2,3.7805550716860608,3,dynamic,1
b,3,3.880145090945356,3,dynamic,1
b,4,4.061997247041807,3,dynamic,1
b,5,4.204350721053577,3,dynamic,1
b,6,4.337616087640803,3,dynamic,1
b,7,4.423311801815293,3,dynamic,1
b,8,4.5111965974905175,3,dynamic,1
b,9,4.5641138184122845,3,dynamic,1
b,10,4.620892099247684,3,dynamic,1
b,11,4.680861477078131,3,dynamic,1
b,12,4.713550758823375,3,dynamic,1
b,13,4.732328566787646,3,dynamic,1
b,14,4.753496233035599,3,dynamic,1
b,15,4.774331356180155,3,dynamic,1
b,16,4.786668736864423,3,dynamic,1
b,17,4.790671053647738,3,dynamic,1
b,18,4.794981876512289,3,dynamic,1
b,19,4.82080724053108,3,dynamic,1
b,20,4.8379300680233035,3,dynamic,1
b,21,4.852307727278709,3,dynamic,1
b,22,4.865297533881258,3,dynamic,1
b,23,4.872515023786323,3,dynamic,1
b,24,4.876712864047808,3,dynamic,1
b,25,4.892812953493142,3,dynamic,1
b,26,4.908561806087393,3,dynamic,1
b,27,4.928507419367004,3,dynamic,1
b,28,4.9370602978346145,3,dynamic,1
b,29,4.9489569166345015,3,dynamic,1
b,30,4.954774909389839,3,dynamic,1
b,31,4.9563134822028525,3,dynamic,1
b,32,4.959253343898777,3,dynamic,1
b,33,4.95594294932549,3,dynamic,1
b,34,4.966312921636148,3,dynamic,1
b,35,4.975003083572439,3,dynamic,1
b,36,4.973834745347823,3,dynamic,1
b,37,4.972507677959439,3,dynamic,1
b,38,4.968049361150597,3,dynamic,1
b,39,4.974790038301428,3,dynamic,1
b,40,4.980727335802367,3,dynamic,1
b,41,4.987624871995367,3,dynamic,1
b,42,4.989023119277692,3,dynamic,1
b,43,4.996090564882404,3,dynamic,1
b,44,5.001952897728753,3,dynamic,1
b,45,5.002278973553646,3,dynamic,1
b,46,5.0012286250239,3,dynamic,1
b,47,5.006934307888684,3,dynamic,1
b,48,5.007998648263909,3,dynamic,1
b,49,5.018965615469744,3,dynamic,1
b,50,5.022065375162965,3,dynamic,1
b,51,5.026305464660879,3,dynamic,1
b,52,5.028727518087299,3,dynamic,1
b,53,5.031076275215876,3,dynamic,1
b,54,5.036809253786418,3,dynamic,1
b,55,5.0355068677848775,3,dynamic,1
b,56,5.044422929353137,3,dynamic,1
b,57,5.044606018031218,3,dynamic,1
b,58,5.0377324688773895,3,dynamic,1
b,59,5.03428933286121,3,dynamic,1
b,60,5.038305080792679,3,dynamic,1
b,61,5.033862370224597,3,dynamic,1
b,62,5.035205976099147,3,dynamic,1
b,63,5.036351356103815,3,dynamic,1
b,64,5.041515358427495,3,dynamic,1
b,65,5.0413845000740825,3,dynamic,1
b,66,5.045170979582156,3,dynamic,1
b,67,5.042638072486152,3,dynamic,1
b,68,5.043883603184377,3,dynamic,1
b,69,5.044142390117524,3,dynamic,1
b,70,5.0500102278763475,3,dynamic,1
b,71,5.0550524359264815,3,dynamic,1
b,72,5.055874475356584,3,dynamic,1
b,73,5.05376654642026,3,dynamic,1
b,74,5.058511868592012,3,dynamic,1
b,75,5.058385428815063,3,dynamic,1
b,76,5.057416860529935,3,dynamic,1
b,77,5.056700451397196,3,dynamic,1
b,78,5.054362045431862,3,dynamic,1
b,79,5.0558955426455325,3,dynamic,1
b,80,5.050891870533952,3,dynamic,1
b,81,5.0476688043106615,3,dynamic,1
b,82,5.050969095047917,3,dynamic,1
b,83,5.051678542617935,3,dynamic,1
b,84,5.053088287361452,3,dynamic,1
b,85,5.054158056547399,3,dynamic,1
b,86,5.05371265923595,3,dynamic,1
b,87,5.0526700153372,3,dynamic,1
b,88,5.048741881435986,3,dynamic,1
b,89,5.052589209421935,3,dynamic,1
b,90,5.053707275274417,3,dynamic,1
b,91,5.053949365298051,3,dynamic,1
b,92,5.059180340690943,3,dynamic,1
b,93,5.058291674876895,3,dynamic,1
b,94,5.059411672962154,3,dynamic,1
b,95,5.061616481801809,3,dynamic,1
b,96,5.064674833838363,3,dynamic,1
b,97,5.063762234610968,3,dynamic,1
b,98,5.06598075177337,3,dynamic,1
b,99,5.069603776733263,3,dynamic,1
b,0,3.573652651851624,5,dynamic,1
b,1,3.7675541522246334,5,dynamic,1
b,2,3.727999156780587,5,dynamic,1
b,3,3.8220280557825848,5,dynamic,1
b,4,3.9888613060246016,5,dynamic,1
b,5,4.214245496507906,5,dynamic,1
b,6,4.400593027436356,5,dynamic,1
b,7,4.466453732141572,5,dynamic,1
b,8,4.521533583452657,5,dynamic,1
b,9,4.607132765751842,5,dynamic,1
b,10,4.621143193487517,5,dynamic,1
b,11,4.684470443901535,5,dynamic,1
b,12,4.74313957273207,5,dynamic,1
b,13,4.758639827452773,5,dynamic,1
b,14,4.77179011328967,5,dynamic,1
b,15,4.785922796213167,5,dynamic,1
b,16,4.79432124578708,5,dynamic,1
b,17,4.815030756082748,5,dynamic,1
b,18,4.821334684885042,5,dynamic,1
b,19,4.838249018157002,5,dynamic,1
b,20,4.846118237122751,5,dynamic,1
b,21,4.868628296976514,5,dynamic,1
b,22,4.882436764444248,5,dynamic,1
b,23,4.887304366822028,5,dynamic,1
b,24,4.9078975966674365,5,dynamic,1
b,25,4.900485352153737,5,dynamic,1
b,26,4.911861852840138,5,dynamic,1
b,27,4.918745104056195,5,dynamic,1
b,28,4.9349224910491,5,dynamic,1
b,29,4.9424164008688445,5,dynamic,1
b,30,4.949119001411157,5,dynamic,1
b,31,4.951304625863968,5,dynamic,1
b,32,4.958783332063241,5,dynamic,1
b,33,4.975276620879408,5,dynamic,1
b,34,4.980486273752267,5,dynamic,1
b,35,4.971458512758238,5,dynamic,1
b,36,4.969390332777995,5,dynamic,1
b,37,4.96401533341884,5,dynamic,1
b,38,4.969994034954564,5,dynamic,1
b,39,4.9793586300890595,5,dynamic,1
b,40,4.980411470858258,5,dynamic,1
b,41,4.983882310431517,5,dynamic,1
b,42,4.989623557808121,5,dynamic,1
b,43,4.994042075579567,5,dynamic,1
b,44,4.992121944893531,5,dynamic,1
b,45,4.987728839001295,5,dynamic,1
b,46,4.990865283668457,5,dynamic,1
b,47,4.993623168446814,5,dynamic,1
b,48,5.000875073562809,5,dynamic,1
b,49,5.000414361157262,5,dynamic,1
b,50,5.006618044948298,5,dynamic,1
b,51,5.0046389622449725,5,dynamic,1
b,52,5.008692763997091,5,dynamic,1
b,53,5.009369559012676,5,dynamic,1
b,54,5.015969715564103,5,dynamic,1
b,55,5.011160775574352,5,dynamic,1
b,56,5.006597540288114,5,dynamic,1
b,57,5.008191827070593,5,dynamic,1
b,58,5.011372296728628,5,dynamic,1
b,59,5.010389321652155,5,dynamic,1
b,60,5.0193631134616155,5,dynamic,1
b,61,5.017369744574199,5,dynamic,1
b,62,5.02170882502298,5,dynamic,1
b,63,5.025411958892644,5,dynamic,1
b,64,5.025010561650035,5,dynamic,1
b,65,5.029682443498095,5,dynamic,1
b,66,5.032809284253243,5,dynamic,1
b,67,5.032053925825825,5,dynamic,1
b,68,5.034190914054909,5,dynamic,1
b,69,5.035024088891468,5,dynamic,1
b,70,5.03691021950759,5,dynamic,1
b,71,5.04254975058748,5,dynamic,1
b,72,5.042003086188145,5,dynamic,1
b,73,5.044004030354633,5,dynamic,1
b,74,5.043050187478537,5,dynamic,1
b,75,5.040536413399197,5,dynamic,1
b,76,5.0419880324120365,5,dynamic,1
b,77,5.043006007644136,5,dynamic,1
b,78,5.041438426785864,5,dynamic,1
b,79,5.038964050629489,5,dynamic,1
b,80,5.0403121712038415,5,dynamic,1
b,81,5.043019811861986,5,dynamic,1
b,82,5.046277502232615,5,dynamic,1
b,83,5.049805946996003,5,dynamic,1
b,84,5.053999178942155,5,dynamic,1
b,85,5.0557357616336835,5,dynamic,1
b,86,5.058812937144962,5,dynamic,1
b,87,5.061573649277339,5,dynamic,1
b,88,5.058784122401324,5,dynamic,1
b,89,5.058060421697229,5,dynamic,1
b,90,5.06003746735299,5,dynamic,1
b,91,5.063692850056754,5,dynamic,1
b,92,5.06208548681697,5,dynamic,1
b,93,5.0619578353094665,5,dynamic,1
b,94,5.0603450579485125,5,dynamic,1
b,95,5.057355052176557,5,dynamic,1
b,96,5.057919256514405,5,dynamic,1
b,97,5.057871885909917,5,dynamic,1
b,98,5.056834389523942,5,dynamic,1
b,99,5.058925521713741,5,dynamic,1
c,0,3.6841665900084988,3,static,2
c,1,3.9580833657248444,3,static,2
c,2,3.743866534706079,3,static,2
c,3,3.790761078077143,3,static,2
c,4,4.035203489394343,3,static,2
c,5,4.178862336711777,3,static,2
c,6,4.244283236311088,3,static,2
c,7,4.311447139841999,3,static,2
c,8,4.403385725756751,3,static,2
c,9,4.460024490726039,3,static,2
c,10,4.5488551863181526,3,static,2
c,11,4.6039542748359965,3,static,2
c,12,4.6272300756356906,3,static,2
c,13,4.652778087439273,3,static,2
c,14,4.690361571386045,3,static,2
c,15,4.726268421349136,3,static,2
c,16,4.7459721282154295,3,static,2
c,17,4.7536634500344865,3,static,2
c,18,4.7510782072893445,3,static,2
c,19,4.778073113992575,3,static,2
c,20,4.788834772001361,3,static,2
c,21,4.802873134116494,3,static,2
c,22,4.818841524200724,3,static,2
c,23,4.827947645681265,3,static,2
c,24,4.82245500257248,3,static,2
c,25,4.83958635828864,3,static,2
c,26,4.844705899416778,3,static,2
c,27,4.863946009727113,3,static,2
c,28,4.875754725498234,3,static,2
c,29,4.877599821045058,3,static,2
c,30,4.869327787793599,3,static,2
c,31,4.864679344190418,3,static,2
c,32,4.880910925058893,3,static,2
c,33,4.8930518764135185,3,static,2
c,34,4.9071809323042395,3,static,2
c,35,4.9150156732990276,3,static,2
c,36,4.922276374908331,3,static,2
c,37,4.930493656755712,3,static,2
c,38,4.938380187711311,3,static,2
c,39,4.938716870293684,3,static,2
c,40,4.948233293359811,3,static,2
c,41,4.948633652247894,3,static,2
c,42,4.946476279843841,3,static,2
c,43,4.952425366358474,3,static,2
c,44,4.955218581027401,3,static,2
c,45,4.9505543293645,3,static,2
c,46,4.948048616650638,3,static,2
c,47,4.953000454394972,3,static,2
c,48,4.951616998666855,3,static,2
c,49,4.953383845731539,3,static,2
c,50,4.954996981828186,3,static,2
c,51,4.957298203629368,3,static,2
c,52,4.955314042682877,3,static,2
c,53,4.956041821208969,3,static,2
c,54,4.953621374201451,3,static,2
c,55,4.954950209522543,3,static,2
c,56,4.959751092130717,3,static,2
c,57,4.961639359811311,3,static,2
c,58,4.972283215203774,3,static,2
c,59,4.978361713477056,3,static,2
c,60,4.978243027637594,3,static,2
c,61,4.979567438348486,3,static,2
c,62,4.9783575185560505,3,static,2
c,63,4.979643731363186,3,static,2
c,64,4.981740776444478,3,static,2
c,65,4.983908614015722,3,static,2
c,66,4.986587240385583,3,static,2
c,67,4.987082963711213,3,static,2
c,68,4.988019945402547,3,static,2
c,69,4.988626007106266,3,static,2
c,70,4.991475730332659,3,static,2
c,71,4.9931471966764285,3,static,2
c,72,4.991776593915849,3,static,2
c,73,4.995717092803008,3,static,2
c,74,4.996292322766002,3,static,2
c,75,4.997623266904321,3,static,2
c,76,4.999435298606896,3,static,2
c,77,5.001562424251997,3,static,2
c,78,5.005437150537897,3,static,2
c,79,5.004212541712578,3,static,2
c,80,5.007692249070023,3,static,2
c,81,5.007870870876422,3,static,2
c,82,5.007229239461586,3,static,2
c,83,5.009340540726547,3,static,2
c,84,5.016148617665751,3,static,2
c,85,5.021508599381636,3,static,2
c,86,5.018274935230926,3,static,2
c,87,5.020126025958356,3,static,2
c,88,5.019659531499948,3,static,2
c,89,5.020288244353101,3,static,2
c,90,5.018217247223649,3,static,2
c,91,5.018748401309437,3,static,2
c,92,5.0185938973743625,3,static,2
c,93,5.018424940125867,3,static,2
c,94,5.018676488071976,3,static,2
c,95,5.017903583491454,3,static,2
c,96,5.019918714832268,3,static,2
c,97,5.020027593166677,3,static,2
c,98,5.022727171707349,3,static,2
c,99,5.020588868246176,3,static,2
c,0,3.734027849123011,3,static,4
c,1,3.782733203906595,3,static,4
c,2,3.7171035462588775,3,static,4
c,3,3.7594960425266404,3,static,4
c,4,3.9205544120722506,3,static,4
c,5,4.120514841571608,3,static,4
c,6,4.235531579068867,3,static,4
c,7,4.3449372683826155,3,static,4
c,8,4.482180459522053,3,static,4
c,9,4.524848737812589,3,static,4
c,10,4.587957175384869,3,static,4
c,11,4.62216491042286,3,static,4
c,12,4.658732731909118,3,static,4
c,13,4.678781095065007,3,static,4
c,14,4.725715254999664,3,static,4
c,15,4.742837828616448,3,static,4
c,16,4.7605308527911205,3,static,4
c,17,4.778462615396322,3,static,4
c,18,4.793514906058779,3,static,4
c,19,4.816757758925969,3,static,4
c,20,4.837443836885772,3,static,4
c,21,4.845020508829266,3,static,4
c,22,4.858415959577827,3,static,4
c,23,4.8623191081579655,3,static,4
c,24,4.869686222039041,3,static,4
c,25,4.878973850029931,3,static,4
c,26,4.891699542931038,3,static,4
c,27,4.903974855199858,3,static,4
c,28,4.909815014418687,3,static,4
c,29,4.921488804502398,3,static,4
c,30,4.924683174825876,3,static,4
c,31,4.931285018104153,3,static,4
c,32,4.940011300648067,3,static,4
c,33,4.943692891587289,3,static,4
c,34,4.949017015935254,3,static,4
c,35,4.960825966923533,3,static,4
c,36,4.966671849200819,3,static,4
c,37,4.971517789261168,3,static,4
c,38,4.96568620702032,3,static,4
c,39,4.979142059573117,3,static,4
c,40,4.981683697018898,3,static,4
c,41,4.982389931086202,3,static,4
c,42,4.980773976175429,3,static,4
c,43,4.988498433269541,3,static,4
c,44,4.990240705255152,3,static,4
c,45,4.995901400182076,3,static,4
c,46,5.001944267469693,3,static,4
c,47,5.00565950028375,3,static,4
c,48,5.009017264466444,3,static,4
c,49,5.013800065961747,3,static,4
c,50,5.013012834691616,3,static,4
c,51,5.010883479450346,3,static,4
c,52,5.015415542133342,3,static,4
c,53,5.019692853265071,3,static,4
c,54,5.02315282666411,3,static,4
c,55,5.024840465779541,3,static,4
c,56,5.0311407278933755,3,static,4
c,57,5.037805383086509,3,static,4
c,58,5.03690832970933,3,static,4
c,59,5.033619748597375,3,static,4
c,60,5.040854471284255,3,static,4
c,61,5.041970392588688,3,static,4
c,62,5.0412653693515495,3,static,4
c,63,5.0476888458246,3,static,4
c,64,5.050018657729584,3,static,4
c,65,5.051244180197954,3,static,4
c,66,5.0486554326956545,3,static,4
c,67,5.044383851603873,3,static,4
c,68,5.045698557211155,3,static,4
c,69,5.045556325120909,3,static,4
c,70,5.046858307882531,3,static,4
c,71,5.049478910661705,3,static,4
c,72,5.052399822228648,3,static,4
c,73,5.051164855564431,3,static,4
c,74,5.056376558493564,3,static,4
c,75,5.05488664103267,3,static,4
c,76,5.058424066590231,3,static,4
c,77,5.055269449657268,3,static,4
c,78,5.055479517221668,3,static,4
c,79,5.0549182759746145,3,static,4
c,80,5.051928322666562,3,static,4
c,81,5.0524504209276335,3,static,4
c,82,5.055046597313306,3,static,4
c,83,5.05995222207001,3,static,4
c,84,5.056486511591329,3,static,4
c,85,5.056879085418401,3,static,4
c,86,5.057744338580533,3,static,4
c,87,5.05472487230029,3,static,4
c,88,5.053163199472416,3,static,4
c,89,5.0554655480138395,3,static,4
c,90,5.055600630512047,3,static,4
c,91,5.0549014064880735,3,static,4
c,92,5.055839970015691,3,static,4
c,93,5.056489716769011,3,static,4
c,94,5.057242404851854,3,static,4
c,95,5.0582040063091425,3,static,4
c,96,5.059130327902398,3,static,4
c,97,5.057575373875705,3,static,4
c,98,5.059127065945967,3,static,4
c,99,5.062589060977777,3,static,4
c,0,3.5424280406859467,5,static,2
c,1,3.769842623208702,5,static,2
c,2,3.6840873711094915,5,static,2
c,3,4.003012473532872,5,static,2
c,4,4.167035096743004,5,static,2
c,5,4.382766693048343,5,static,2
c,6,4.4799752727833795,5,static,2
c,7,4.568495914085706,5,static,2
c,8,4.640713421307144,5,static,2
c,9,4.704063557722602,5,static,2
c,10,4.7291480410169155,5,static,2
c,11,4.7409800936577255,5,static,2
c,12,4.771892259681648,5,static,2
c,13,4.771199903398583,5,static,2
c,14,4.796244500844144,5,static,2
c,15,4.818513522993241,5,static,2
c,16,4.839592986599435,5,static,2
c,17,4.868999114537608,5,static,2
c,18,4.864930414422715,5,static,2
c,19,4.887358481055669,5,static,2
c,20,4.905434560393384,5,static,2
c,21,4.911933799511908,5,static,2
c,22,4.917348345659785,5,static,2
c,23,4.919193011481202,5,static,2
c,24,4.930583253193886,5,static,2
c,25,4.928084330781063,5,static,2
c,26,4.941029258042782,5,static,2
c,27,4.950780997585326,5,static,2
c,28,4.965823060632637,5,static,2
c,29,4.96121960545532,5,static,2
c,30,4.960510545977368,5,static,2
c,31,4.969747375785981,5,static,2
c,32,4.971766551474456,5,static,2
c,33,4.977120109615658,5,static,2
c,34,4.979904810795207,5,static,2
c,35,4.976917781361967,5,static,2
c,36,4.972902233142267,5,static,2
c,37,4.9717607918487134,5,static,2
c,38,4.976822743301672,5,static,2
c,39,4.983156002588386,5,static,2
c,40,4.988843184721055,5,static,2
c,41,4.991092438104759,5,static,2
c,42,4.997905033772536,5,static,2
c,43,5.001250757388757,5,static,2
c,44,5.008102367333013,5,static,2
c,45,5.004360882572238,5,static,2
c,46,5.0102574845294185,5,static,2
c,47,5.014311945678387,5,static,2
c,48,5.0190815311981885,5,static,2
c,49,5.017282858727467,5,static,2
c,50,5.022165930606652,5,static,2
c,51,5.022469618351726,5,static,2
c,52,5.025266486039723,5,static,2
c,53,5.029102001874886,5,static,2
c,54,5.034648880083876,5,static,2
c,55,5.029176507453834,5,static,2
c,56,5.025886933697099,5,static,2
c,57,5.029758649690278,5,static,2
c,58,5.0321154196284335,5,static,2
c,59,5.0330596048015215,5,static,2
c,60,5.037383247310494,5,static,2
c,61,5.0405358469604415,5,static,2
c,62,5.045450510791661,5,static,2
c,63,5.045845527373805,5,static,2
c,64,5.04422844298841,5,static,2
c,65,5.048790079545806,5,static,2
c,66,5.048964358454423,5,static,2
c,67,5.053633991046238,5,static,2
c,68,5.05487735726555,5,static,2
c,69,5.052901703143769,5,static,2
c,70,5.055045787634061,5,static,2
c,71,5.055036696486507,5,static,2
c,72,5.060121616511169,5,static,2
c,73,5.060353756460124,5,static,2
c,74,5.060581189382684,5,static,2
c,75,5.06057652160303,5,static,2
c,76,5.059895244792335,5,static,2
c,77,5.059032414017949,5,static,2
c,78,5.056030352932535,5,static,2
c,79,5.056595705339473,5,static,2
c,80,5.057070986225567,5,static,2
c,81,5.060498477904329,5,static,2
c,82,5.06321414062147,5,static,2
c,83,5.066551127167006,5,static,2
c,84,5.066966272457553,5,static,2
c,85,5.069550685196197,5,static,2
c,86,5.070799485093455,5,static,2
c,87,5.074250608735588,5,static,2
c,88,5.074577115749648,5,static,2
c,89,5.074335247912315,5,static,2
c,90,5.07161737071908,5,static,2
c,91,5.074201327675734,5,static,2
c,92,5.070757165570991,5,static,2
c,93,5.075309256431424,5,static,2
c,94,5.070938556548378,5,static,2
c,95,5.068157072169313,5,static,2
c,96,5.067995270242049,5,static,2
c,97,5.066748179658882,5,static,2
c,98,5.065520084076179,5,static,2
c,99,5.064319550197462,5,static,2
c,0,3.7391531855233855,5,static,4
c,1,3.8150805115420674,5,static,4
c,2,3.721002395029314,5,static,4
c,3,3.816481704388031,5,static,4
c,4,3.9335239975779217,5,static,4
c,5,4.107621832718574,5,static,4
c,6,4.2663366131785665,5,static,4
c,7,4.351285890188798,5,static,4
c,8,4.44210499552562,5,static,4
c,9,4.546666353251215,5,static,4
c,10,4.614418030121263,5,static,4
c,11,4.644992706741422,5,static,4
c,12,4.686369577500182,5,static,4
c,13,4.705887085744474,5,static,4
c,14,4.715673807352334,5,static,4
c,15,4.729994828073723,5,static,4
c,16,4.744334914603651,5,static,4
c,17,4.757168430446232,5,static,4
c,18,4.793258117817822,5,static,4
c,19,4.794575793680343,5,static,4
c,20,4.796317439306193,5,static,4
c,21,4.807211760537134,5,static,4
c,22,4.820516109029025,5,static,4
c,23,4.826908783358305,5,static,4
c,24,4.827942060958408,5,static,4
c,25,4.847232438189903,5,static,4
c,26,4.857724150974453,5,static,4
c,27,4.867564337480547,5,static,4
c,28,4.878176479811193,5,static,4
c,29,4.893641079712336,5,static,4
c,30,4.894761483741606,5,static,4
c,31,4.909701479513239,5,static,4
c,32,4.910222365365518,5,static,4
c,33,4.903463594270398,5,static,4
c,34,4.9113072265150866,5,static,4
c,35,4.9135074080759615,5,static,4
c,36,4.9128710563643905,5,static,4
c,37,4.905844256485447,5,static,4
c,38,4.917022265790706,5,static,4
c,39,4.922534355670225,5,static,4
c,40,4.930651087562863,5,static,4
c,41,4.925922792173308,5,static,4
c,42,4.927417901359838,5,static,4
c,43,4.93189252671477,5,static,4
c,44,4.93428156412392,5,static,4
c,45,4.935186350230452,5,static,4
c,46,4.935916756556015,5,static,4
c,47,4.936041660472575,5,static,4
c,48,4.938868029484782,5,static,4
c,49,4.945047791989028,5,static,4
c,50,4.946958356688847,5,static,4
c,51,4.9530105655440675,5,static,4
c,52,4.960376561462667,5,static,4
c,53,4.966768590876478,5,static,4
c,54,4.974412951659993,5,static,4
c,55,4.975375936454227,5,static,4
c,56,4.972909808695006,5,static,4
c,57,4.96896981624601,5,static,4
c,58,4.974398819908507,5,static,4
c,59,4.979885602095041,5,static,4
c,60,4.981121639978519,5,static,4
c,61,4.984769456537969,5,static,4
c,62,4.987065243263209,5,static,4
c,63,4.989265259441013,5,static,4
c,64,4.991942098884785,5,static,4
c,65,4.994069796894635,5,static,4
c,66,4.990806839459018,5,static,4
c,67,4.9922756057818205,5,static,4
c,68,4.993408312670056,5,static,4
c,69,4.98989432644836,5,static,4
c,70,4.991252226469465,5,static,4
c,71,4.996604160669736,5,static,4
c,72,4.999707618727986,5,static,4
c,73,5.002395473540672,5,static,4
c,74,5.006975423413458,5,static,4
c,75,5.0112964840459515,5,static,4
c,76,5.010094254118706,5,static,4
c,77,5.012848522692562,5,static,4
c,78,5.0153181187934495,5,static,4
c,79,5.011599855184599,5,static,4
c,80,5.016512134666776,5,static,4
c,81,5.014644835468815,5,static,4
c,82,5.016290136406641,5,static,4
c,83,5.017559643724036,5,static,4
c,84,5.019209927066652,5,static,4
c,85,5.017600608255692,5,static,4
c,86,5.017570990294756,5,static,4
c,87,5.017691656189648,5,static,4
c,88,5.021596737533744,5,static,4
c,89,5.019651497689821,5,static,4
c,90,5.0204171207225965,5,static,4
c,91,5.024590060846177,5,static,4
c,92,5.026659511233811,5,static,4
c,93,5.026671196657844,5,static,4
c,94,5.029828084164355,5,static,4
c,95,5.035852041680564,5,static,4
c,96,5.032029749523495,5,static,4
c,97,5.033049165187194,5,static,4
c,98,5.033546700458598,5,static,4
c,99,5.035843074751549,5,static,4
d,0,3.803366332346768,3,dynamic,2
d,1,4.004929472049028,3,dynamic,2
d,2,3.7921109174188583,3,dynamic,2
d,3,3.8498948505478356,3,dynamic,2
d,4,4.061137068552377,3,dynamic,2
d,5,4.22530531512547,3,dynamic,2
d,6,4.289770352233456,3,dynamic,2
d,7,4.380282427448581,3,dynamic,2
d,8,4.461562663122737,3,dynamic,2
d,9,4.532511291106366,3,dynamic,2
d,10,4.601168299163859,3,dynamic,2
d,11,4.623785048627242,3,dynamic,2
d,12,4.690904497929652,3,dynamic,2
d,13,4.710411891396113,3,dynamic,2
d,14,4.738831481172478,3,dynamic,2
d,15,4.770938318312371,3,dynamic,2
d,16,4.811767081547384,3,dynamic,2
d,17,4.836147732428007,3,dynamic,2
d,18,4.84207626578345,3,dynamic,2
d,19,4.857097881700847,3,dynamic,2
d,20,4.864089873083645,3,dynamic,2
d,21,4.887928671234908,3,dynamic,2
d,22,4.890392356069698,3,dynamic,2
d,23,4.893442126154835,3,dynamic,2
d,24,4.894500852757279,3,dynamic,2
d,25,4.903241167152095,3,dynamic,2
d,26,4.919637370546884,3,dynamic,2
d,27,4.928584192221057,3,dynamic,2
d,28,4.949724120268093,3,dynamic,2
d,29,4.945557692719922,3,dynamic,2
d,30,4.939418532531015,3,dynamic,2
d,31,4.944461047065976,3,dynamic,2
d,32,4.949490558460022,3,dynamic,2
d,33,4.951933818543724,3,dynamic,2
d,34,4.961450335413629,3,dynamic,2
d,35,4.963410023290579,3,dynamic,2
d,36,4.974897676922842,3,dynamic,2
d,37,4.9780336964750775,3,dynamic,2
d,38,4.98645349081465,3,dynamic,2
d,39,4.982594440651753,3,dynamic,2
d,40,4.981991407357211,3,dynamic,2
d,41,4.987380970150393,3,dynamic,2
d,42,4.9866486233150304,3,dynamic,2
d,43,4.995295240733767,3,dynamic,2
d,44,4.99024721303837,3,dynamic,2
d,45,4.990632590203147,3,dynamic,2
d,46,4.99380671181704,3,dynamic,2
d,47,4.993550483866568,3,dynamic,2
d,48,4.99164115271191,3,dynamic,2
d,49,4.995598370654949,3,dynamic,2
d,50,4.996135545109597,3,dynamic,2
d,51,4.99324266449127,3,dynamic,2
d,52,4.985897562180785,3,dynamic,2
d,53,4.983889722207591,3,dynamic,2
d,54,4.983668335027663,3,dynamic,2
d,55,4.984632428727937,3,dynamic,2
d,56,4.9865384796397345,3,dynamic,2
d,57,4.991109998128257,3,dynamic,2
d,58,4.999829378961315,3,dynamic,2
d,59,5.005616209705072,3,dynamic,2
d,60,5.004900704000462,3,dynamic,2
d,61,5.0050442420538,3,dynamic,2
d,62,5.007342073740029,3,dynamic,2
d,63,5.004219459677731,3,dynamic,2
d,64,5.0064667871427755,3,dynamic,2
d,65,5.009241284984101,3,dynamic,2
d,66,5.010458993226516,3,dynamic,2
d,67,5.012839899234057,3,dynamic,2
d,68,5.012505828323792,3,dynamic,2
d,69,5.013054408122142,3,dynamic,2
d,70,5.016595170653214,3,dynamic,2
d,71,5.020342543833788,3,dynamic,2
d,72,5.017152582442546,3,dynamic,2
d,73,5.021028637742527,3,dynamic,2
d,74,5.0216974193079045,3,dynamic,2
d,75,5.02453050565911,3,dynamic,2
d,76,5.02441367866615,3,dynamic,2
d,77,5.025769172822637,3,dynamic,2
d,78,5.030440316331182,3,dynamic,2
d,79,5.026195669863376,3,dynamic,2
d,80,5.024833921546566,3,dynamic,2
d,81,5.027122871194051,3,dynamic,2
d,82,5.025327180136908,3,dynamic,2
d,83,5.029556632996498,3,dynamic,2
d,84,5.031580188037456,3,dynamic,2
d,85,5.036488256320968,3,dynamic,2
d,86,5.034185889152215,3,dynamic,2
d,87,5.034483829582274,3,dynamic,2
d,88,5.0317541588251595,3,dynamic,2
d,89,5.0294324389201455,3,dynamic,2
d,90,5.031348922700194,3,dynamic,2
d,91,5.032199301392159,3,dynamic,2
d,92,5.035843186200931,3,dynamic,2
d,93,5.037594030543656,3,dynamic,2
d,94,5.042041726661632,3,dynamic,2
d,95,5.039788912360767,3,dynamic,2
d,96,5.040387065889085,3,dynamic,2
d,97,5.041252503327681,3,dynamic,2
d,98,5.043648960512843,3,dynamic,2
d,99,5.044707412563878,3,dynamic,2
d,0,3.682223616647739,3,dynamic,4
d,1,4.005045579745996,3,dynamic,4
d,2,4.294228842291406,3,dynamic,4
d,3,4.350605176696007,3,dynamic,4
d,4,4.455264880054991,3,dynamic,4
d,5,4.540914729917604,3,dynamic,4
d,6,4.587392066627059,3,dynamic,4
d,7,4.669851827356752,3,dynamic,4
d,8,4.747600022842088,3,dynamic,4
d,9,4.79538005124976,3,dynamic,4
d,10,4.828744613036401,3,dynamic,4
d,11,4.861890500333896,3,dynamic,4
d,12,4.879022781796488,3,dynamic,4
d,13,4.896439965424186,3,dynamic,4
d,14,4.928334873355058,3,dynamic,4
d,15,4.918399108286696,3,dynamic,4
d,16,4.925572227317446,3,dynamic,4
d,17,4.928750705606708,3,dynamic,4
d,18,4.93865421408521,3,dynamic,4
d,19,4.960965234161231,3,dynamic,4
d,20,4.970644984512398,3,dynamic,4
d,21,4.9803574938861255,3,dynamic,4
d,22,4.9957004642563785,3,dynamic,4
d,23,5.0049779862831905,3,dynamic,4
d,24,5.0105523303781165,3,dynamic,4
d,25,5.025980614669892,3,dynamic,4
d,26,5.033630747714301,3,dynamic,4
d,27,5.043371771816751,3,dynamic,4
d,28,5.0515101097386665,3,dynamic,4
d,29,5.056281605800453,3,dynamic,4
d,30,5.061490479188088,3,dynamic,4
d,31,5.062152605556642,3,dynamic,4
d,32,5.057448308018152,3,dynamic,4
d,33,5.058539352268118,3,dynamic,4
d,34,5.064384259102763,3,dynamic,4
d,35,5.0645639901188755,3,dynamic,4
d,36,5.051106879477774,3,dynamic,4
d,37,5.050155056949759,3,dynamic,4
d,38,5.049509448032201,3,dynamic,4
d,39,5.058215442251666,3,dynamic,4
d,40,5.062341677283856,3,dynamic,4
d,41,5.060558101168375,3,dynamic,4
d,42,5.060076884185025,3,dynamic,4
d,43,5.066315414562085,3,dynamic,4
d,44,5.072439413231569,3,dynamic,4
d,45,5.073951136518031,3,dynamic,4
d,46,5.071880835430823,3,dynamic,4
d,47,5.072895079416351,3,dynamic,4
d,48,5.0696052055583305,3,dynamic,4
d,49,5.07171147313974,3,dynamic,4
d,50,5.0682940993774,3,dynamic,4
d,51,5.066218196506815,3,dynamic,4
d,52,5.075558760417783,3,dynamic,4
d,53,5.08057409655089,3,dynamic,4
d,54,5.0903375749636,3,dynamic,4
d,55,5.091079617589231,3,dynamic,4
d,56,5.0989393764773645,3,dynamic,4
d,57,5.103363321606785,3,dynamic,4
d,58,5.099715055072945,3,dynamic,4
d,59,5.093393661282474,3,dynamic,4
d,60,5.098025969096168,3,dynamic,4
d,61,5.092347150466163,3,dynamic,4
d,62,5.088583211000033,3,dynamic,4
d,63,5.089710329575214,3,dynamic,4
d,64,5.091409282208634,3,dynamic,4
d,65,5.09175687369048,3,dynamic,4
d,66,5.093468228251476,3,dynamic,4
d,67,5.091555082152448,3,dynamic,4
d,68,5.093375944260298,3,dynamic,4
d,69,5.0907486964181174,3,dynamic,4
d,70,5.093013441146887,3,dynamic,4
d,71,5.0945118033004535,3,dynamic,4
d,72,5.0950140137501405,3,dynamic,4
d,73,5.089767179593894,3,dynamic,4
d,74,5.092514276855172,3,dynamic,4
d,75,5.093828206941322,3,dynamic,4
d,76,5.099322392512442,3,dynamic,4
d,77,5.096315355368154,3,dynamic,4
d,78,5.092710450183073,3,dynamic,4
d,79,5.09193986118745,3,dynamic,4
d,80,5.0888990916339045,3,dynamic,4
d,81,5.087815621121745,3,dynamic,4
d,82,5.090490417011777,3,dynamic,4
d,83,5.092308835458063,3,dynamic,4
d,84,5.0909071371117065,3,dynamic,4
d,85,5.087812759131601,3,dynamic,4
d,86,5.0854742656676,3,dynamic,4
d,87,5.084549256519859,3,dynamic,4
d,88,5.0858383844298,3,dynamic,4
d,89,5.089552358065737,3,dynamic,4
d,90,5.086714246083227,3,dynamic,4
d,91,5.083997801797329,3,dynamic,4
d,92,5.085147287533741,3,dynamic,4
d,93,5.08399840375435,3,dynamic,4
d,94,5.082404153681693,3,dynamic,4
d,95,5.0825208069920675,3,dynamic,4
d,96,5.085290736716659,3,dynamic,4
d,97,5.082924304763724,3,dynamic,4
d,98,5.085403631906103,3,dynamic,4
d,99,5.089084152338457,3,dynamic,4
d,0,3.6117716374884172,5,dynamic,2
d,1,4.155007955997221,5,dynamic,2
d,2,4.370759548047339,5,dynamic,2
d,3,4.581599258722795,5,dynamic,2
d,4,4.654272389500529,5,dynamic,2
d,5,4.804589373722439,5,dynamic,2
d,6,4.839764580053061,5,dynamic,2
d,7,4.879042967238334,5,dynamic,2
d,8,4.931904302584616,5,dynamic,2
d,9,4.976236127180919,5,dynamic,2
d,10,4.961359017641464,5,dynamic,2
d,11,4.978405490602989,5,dynamic,2
d,12,4.999114218224818,5,dynamic,2
d,13,4.986368630329466,5,dynamic,2
d,14,4.99697424621692,5,dynamic,2
d,15,4.994154490570539,5,dynamic,2
d,16,5.0042664194102375,5,dynamic,2
d,17,4.998443441805983,5,dynamic,2
d,18,4.997755140835476,5,dynamic,2
d,19,4.994514746285082,5,dynamic,2
d,20,4.997512720864863,5,dynamic,2
d,21,5.010442675334957,5,dynamic,2
d,22,5.010436786126234,5,dynamic,2
d,23,5.013070124973859,5,dynamic,2
d,24,5.02010163531917,5,dynamic,2
d,25,5.017339286684309,5,dynamic,2
d,26,5.028363187511683,5,dynamic,2
d,27,5.030013022678639,5,dynamic,2
d,28,5.041339916525496,5,dynamic,2
d,29,5.042257868991318,5,dynamic,2
d,30,5.045418578902199,5,dynamic,2
d,31,5.048619168048958,5,dynamic,2
d,32,5.050775973484882,5,dynamic,2
d,33,5.05634099920519,5,dynamic,2
d,34,5.054413463627334,5,dynamic,2
d,35,5.043992554268882,5,dynamic,2
d,36,5.050905743600105,5,dynamic,2
d,37,5.0485024228657975,5,dynamic,2
d,38,5.052469125203831,5,dynamic,2
d,39,5.06142294310777,5,dynamic,2
d,40,5.06160637140353,5,dynamic,2
d,41,5.065583099669825,5,dynamic,2
d,42,5.074902599604531,5,dynamic,2
d,43,5.079333692293298,5,dynamic,2
d,44,5.077254047664397,5,dynamic,2
d,45,5.06757768516949,5,dynamic,2
d,46,5.06943959341445,5,dynamic,2
d,47,5.076324132934361,5,dynamic,2
d,48,5.079826283294,5,dynamic,2
d,49,5.082117034046837,5,dynamic,2
d,50,5.086109889497142,5,dynamic,2
d,51,5.076205695677954,5,dynamic,2
d,52,5.083516271326289,5,dynamic,2
d,53,5.084544622579837,5,dynamic,2
d,54,5.086630027056523,5,dynamic,2
d,55,5.078048029253354,5,dynamic,2
d,56,5.0736167282576865,5,dynamic,2
d,57,5.078850676998374,5,dynamic,2
d,58,5.079396512294402,5,dynamic,2
d,59,5.0805173634217615,5,dynamic,2
d,60,5.085307979287562,5,dynamic,2
d,61,5.084752281041539,5,dynamic,2
d,62,5.085988796301315,5,dynamic,2
d,63,5.088327534356717,5,dynamic,2
d,64,5.084431404323406,5,dynamic,2
d,65,5.083220343725494,5,dynamic,2
d,66,5.087681099847139,5,dynamic,2
d,67,5.08998678534804,5,dynamic,2
d,68,5.092998153935212,5,dynamic,2
d,69,5.099425570090787,5,dynamic,2
d,70,5.100866719703869,5,dynamic,2
d,71,5.104572051407227,5,dynamic,2
d,72,5.102816172417378,5,dynamic,2
d,73,5.101669045062009,5,dynamic,2
d,74,5.099619760988216,5,dynamic,2
d,75,5.097147413566846,5,dynamic,2
d,76,5.096954245010793,5,dynamic,2
d,77,5.100964419588855,5,dynamic,2
d,78,5.097354884981478,5,dynamic,2
d,79,5.096234254154465,5,dynamic,2
d,80,5.098376780933197,5,dynamic,2
d,81,5.097903399211095,5,dynamic,2
d,82,5.094589529707041,5,dynamic,2
d,83,5.097398348413215,5,dynamic,2
d,84,5.098966623902726,5,dynamic,2
d,85,5.100024749408763,5,dynamic,2
d,86,5.101678433445529,5,dynamic,2
d,87,5.101765163708543,5,dynamic,2
d,88,5.103126763368318,5,dynamic,2
d,89,5.105452598964377,5,dynamic,2
d,90,5.103445066475852,5,dynamic,2
d,91,5.1065036383456555,5,dynamic,2
d,92,5.104209883893751,5,dynamic,2
d,93,5.103013329298576,5,dynamic,2
d,94,5.101067762194373,5,dynamic,2
d,95,5.096834491612223,5,dynamic,2
d,96,5.094582979820284,5,dynamic,2
d,97,5.0966088912644985,5,dynamic,2
d,98,5.0956500397749585,5,dynamic,2
d,99,5.097343840803427,5,dynamic,2
d,0,3.7452891075682078,5,dynamic,4
d,1,4.228615335797594,5,dynamic,4
d,2,4.3597527750263465,5,dynamic,4
d,3,4.5182377982405635,5,dynamic,4
d,4,4.589477558997375,5,dynamic,4
d,5,4.654682328566399,5,dynamic,4
d,6,4.707397349054509,5,dynamic,4
d,7,4.768180979776707,5,dynamic,4
d,8,4.848176069907055,5,dynamic,4
d,9,4.89376907795424,5,dynamic,4
d,10,4.895748069559141,5,dynamic,4
d,11,4.8866608480615445,5,dynamic,4
d,12,4.9238767351195305,5,dynamic,4
d,13,4.943695307277322,5,dynamic,4
d,14,4.94771667260141,5,dynamic,4
d,15,4.949822452175978,5,dynamic,4
d,16,4.970075260593091,5,dynamic,4
d,17,4.957086024952497,5,dynamic,4
d,18,4.965691993094419,5,dynamic,4
d,19,4.953368964633357,5,dynamic,4
d,20,4.94149494437785,5,dynamic,4
d,21,4.9456580644258175,5,dynamic,4
d,22,4.947398866582215,5,dynamic,4
d,23,4.951509359069676,5,dynamic,4
d,24,4.939732815647468,5,dynamic,4
d,25,4.937853418719919,5,dynamic,4
d,26,4.938058986226598,5,dynamic,4
d,27,4.949700026176349,5,dynamic,4
d,28,4.960463647860203,5,dynamic,4
d,29,4.976940905298402,5,dynamic,4
d,30,4.976173548041469,5,dynamic,4
d,31,4.9902020520123545,5,dynamic,4
d,32,4.9860203993470815,5,dynamic,4
d,33,4.9919256971628725,5,dynamic,4
d,34,4.995622246332782,5,dynamic,4
d,35,5.002638833427787,5,dynamic,4
d,36,5.013922356395602,5,dynamic,4
d,37,5.011835252373195,5,dynamic,4
d,38,5.021564852233451,5,dynamic,4
d,39,5.017314534790348,5,dynamic,4
d,40,5.025337037890241,5,dynamic,4
d,41,5.020034853831713,5,dynamic,4
d,42,5.018440619506007,5,dynamic,4
d,43,5.022659291029857,5,dynamic,4
d,44,5.017811387487953,5,dynamic,4
d,45,5.01231564123669,5,dynamic,4
d,46,5.011697090137071,5,dynamic,4
d,47,5.01865424200724,5,dynamic,4
d,48,5.014560459830077,5,dynamic,4
d,49,5.0181509574361085,5,dynamic,4
d,50,5.022594989513713,5,dynamic,4
d,51,5.031063844173875,5,dynamic,4
d,52,5.034976390215118,5,dynamic,4
d,53,5.041677460593996,5,dynamic,4
d,54,5.046509949092973,5,dynamic,4
d,55,5.04733260499475,5,dynamic,4
d,56,5.043566057132436,5,dynamic,4
d,57,5.04291014192089,5,dynamic,4
d,58,5.044505052507653,5,dynamic,4
d,59,5.0473935074375,5,dynamic,4
d,60,5.047821134923995,5,dynamic,4
d,61,5.048598975133296,5,dynamic,4
d,62,5.050029769808183,5,dynamic,4
d,63,5.0540062892919835,5,dynamic,4
d,64,5.054115974247013,5,dynamic,4
d,65,5.056103440207763,5,dynamic,4
d,66,5.05228802773087,5,dynamic,4
d,67,5.050551990278027,5,dynamic,4
d,68,5.051051745614082,5,dynamic,4
d,69,5.046592360297775,5,dynamic,4
d,70,5.047275411818955,5,dynamic,4
d,71,5.050553117919161,5,dynamic,4
d,72,5.051681714659635,5,dynamic,4
d,73,5.054249603318743,5,dynamic,4
d,74,5.058091904897067,5,dynamic,4
d,75,5.057529722045504,5,dynamic,4
d,76,5.058112542073128,5,dynamic,4
d,77,5.065654839547491,5,dynamic,4
d,78,5.063380487899597,5,dynamic,4
d,79,5.061716716713356,5,dynamic,4
d,80,5.064532090296048,5,dynamic,4
d,81,5.0595395105996355,5,dynamic,4
d,82,5.055490986217762,5,dynamic,4
d,83,5.055803038855449,5,dynamic,4
d,84,5.058205044534598,5,dynamic,4
d,85,5.05759733232319,5,dynamic,4
d,86,5.058357730647922,5,dynamic,4
d,87,5.054989485290491,5,dynamic,4
d,88,5.057929520315699,5,dynamic,4
d,89,5.056330248285352,5,dynamic,4
d,90,5.055539620193629,5,dynamic,4
d,91,5.059329538070223,5,dynamic,4
d,92,5.061246598419918,5,dynamic,4
d,93,5.06201954551789,5,dynamic,4
d,94,5.064963159308789,5,dynamic,4
d,95,5.066794789602476,5,dynamic,4
d,96,5.063752996764532,5,dynamic,4
d,97,5.06462452548128,5,dynamic,4
d,98,5.064100792641618,5,dynamic,4
d,99,5.064720287640094,5,dynamic,4
