t,q_1,q_2,q_3
0,0.9257529174238867,0.07421704460023987,3.0037975874680683e-05
1,0.9257529174238867,0.07421704460023987,3.0037975874680683e-05
2,0.9257529174238867,0.07421704460023987,3.0037975874680683e-05
3,0.9257529174238867,0.07421704460023987,3.0037975874680683e-05
4,0.9257529174238867,0.07421704460023987,3.0037975874680683e-05
5,0.9257529174238867,0.07421704460023987,3.0037975874680683e-05
6,0.9257529174238867,0.07421704460023987,3.0037975874680683e-05
7,0.9257529174238867,0.07421704460023987,3.0037975874680683e-05
8,0.9257529174238867,0.07421704460023987,3.0037975874680683e-05
9,0.9257529174238867,0.07421704460023987,3.0037975874680683e-05
10,0.9257529174238867,0.07421704460023987,3.0037975874680683e-05
11,0.9257529174238867,0.07421704460023987,3.0037975874680683e-05
12,0.9257529174238867,0.07421704460023987,3.0037975874680683e-05
13,0.9257529174238867,0.07421704460023987,3.0037975874680683e-05
14,0.9257529174238867,0.07421704460023987,3.0037975874680683e-05
15,0.9257529174238867,0.07421704460023987,3.0037975874680683e-05
16,0.9257529174238867,0.07421704460023987,3.0037975874680683e-05
17,0.9257529174238867,0.07421704460023987,3.0037975874680683e-05
18,0.9257529174238867,0.07421704460023987,3.0037975874680683e-05
19,0.9257529174238867,0.07421704460023987,3.0037975874680683e-05
20,0.9257529174238867,0.07421704460023987,3.0037975874680683e-05
21,0.9257529174238867,0.07421704460023987,3.0037975874680683e-05
22,0.9257529174238867,0.07421704460023987,3.0037975874680683e-05
23,0.9257529174238867,0.07421704460023987,3.0037975874680683e-05
24,0.9257529174238867,0.07421704460023987,3.0037975874680683e-05
25,0.9257529174238867,0.07421704460023987,3.0037975874680683e-05
26,0.9257529174238867,0.07421704460023987,3.0037975874680683e-05
27,0.9257529174238867,0.07421704460023987,3.0037975874680683e-05
28,0.9257529174238867,0.07421704460023987,3.0037975874680683e-05
29,0.9257529174238867,0.07421704460023987,3.0037975874680683e-05
30,0.9257529174238867,0.07421704460023987,3.0037975874680683e-05
31,0.9257529174238867,0.07421704460023987,3.0037975874680683e-05
32,0.9257529174238867,0.07421704460023987,3.0037975874680683e-05
33,0.9257529174238867,0.07421704460023987,3.0037975874680683e-05
34,0.9257529174238867,0.07421704460023987,3.0037975874680683e-05
35,0.9257529174238867,0.07421704460023987,3.0037975874680683e-05
36,0.9257529174238867,0.07421704460023987,3.0037975874680683e-05
37,0.9257529174238867,0.07421704460023987,3.0037975874680683e-05
38,0.9257529174238867,0.07421704460023987,3.0037975874680683e-05
39,0.9257529174238867,0.07421704460023987,3.0037975874680683e-05
40,0.9257529174238867,0.07421704460023987,3.0037975874680683e-05
41,0.9257529174238867,0.07421704460023987,3.0037975874680683e-05
42,0.9257529174238867,0.07421704460023987,3.0037975874680683e-05
43,0.9257529174238867,0.07421704460023987,3.0037975874680683e-05
44,0.9257529174238867,0.07421704460023987,3.0037975874680683e-05
45,0.9257529174238867,0.07421704460023987,3.0037975874680683e-05
46,0.9257529174238867,0.07421704460023987,3.0037975874680683e-05
47,0.9257529174238867,0.07421704460023987,3.0037975874680683e-05
48,0.9257529174238867,0.07421704460023987,3.0037975874680683e-05
49,0.9257529174238867,0.07421704460023987,3.0037975874680683e-05
50,0.9257529174238867,0.07421704460023987,3.0037975874680683e-05
51,0.9257529174238867,0.07421704460023987,3.0037975874680683e-05
52,0.9257529174238867,0.07421704460023987,3.0037975874680683e-05
53,0.9257529174238867,0.07421704460023987,3.0037975874680683e-05
54,0.9257529174238867,0.07421704460023987,3.0037975874680683e-05
55,0.9257529174238867,0.07421704460023987,3.0037975874680683e-05
56,0.9257529174238867,0.07421704460023987,3.0037975874680683e-05
57,0.9257529174238867,0.07421704460023987,3.0037975874680683e-05
58,0.9257529174238867,0.07421704460023987,3.0037975874680683e-05
59,0.9257529174238867,0.07421704460023987,3.0037975874680683e-05
60,0.9257529174238867,0.07421704460023987,3.0037975874680683e-05
61,0.9257529174238867,0.07421704460023987,3.0037975874680683e-05
62,0.9257529174238867,0.07421704460023987,3.0037975874680683e-05
63,0.9257529174238867,0.07421704460023987,3.0037975874680683e-05
64,0.9257529174238867,0.07421704460023987,3.0037975874680683e-05
65,0.9257529174238867,0.07421704460023987,3.0037975874680683e-05
66,0.9257529174238867,0.07421704460023987,3.0037975874680683e-05
67,0.9257529174238867,0.07421704460023987,3.0037975874680683e-05
68,0.9257529174238867,0.07421704460023987,3.0037975874680683e-05
69,0.9257529174238867,0.07421704460023987,3.0037975874680683e-05
70,0.9257529174238867,0.07421704460023987,3.0037975874680683e-05
71,0.9257529174238867,0.07421704460023987,3.0037975874680683e-05
72,0.9257529174238867,0.07421704460023987,3.0037975874680683e-05
73,0.9257529174238867,0.07421704460023987,3.0037975874680683e-05
74,0.9257529174238867,0.07421704460023987,3.0037975874680683e-05
75,0.9257529174238867,0.07421704460023987,3.0037975874680683e-05
76,0.9257529174238867,0.07421704460023987,3.0037975874680683e-05
77,0.9257529174238867,0.07421704460023987,3.0037975874680683e-05
78,0.9257529174238867,0.07421704460023987,3.0037975874680683e-05
79,0.9257529174238867,0.07421704460023987,3.0037975874680683e-05
80,0.9257529174238867,0.07421704460023987,3.0037975874680683e-05
81,0.9257529174238867,0.07421704460023987,3.0037975874680683e-05
82,0.9257529174238867,0.07421704460023987,3.0037975874680683e-05
83,0.9257529174238867,0.07421704460023987,3.0037975874680683e-05
84,0.9257529174238867,0.07421704460023987,3.0037975874680683e-05
85,0.9257529174238867,0.07421704460023987,3.0037975874680683e-05
86,0.9257529174238867,0.07421704460023987,3.0037975874680683e-05
87,0.9257529174238867,0.07421704460023987,3.0037975874680683e-05
88,0.9257529174238867,0.07421704460023987,3.0037975874680683e-05
89,0.9257529174238867,0.07421704460023987,3.0037975874680683e-05
90,0.9257529174238867,0.07421704460023987,3.0037975874680683e-05
91,0.9257529174238867,0.07421704460023987,3.0037975874680683e-05
92,0.9257529174238867,0.07421704460023987,3.0037975874680683e-05
93,0.9257529174238867,0.07421704460023987,3.0037975874680683e-05
94,0.9257529174238867,0.07421704460023987,3.0037975874680683e-05
95,0.9257529174238867,0.07421704460023987,3.0037975874680683e-05
96,0.9257529174238867,0.07421704460023987,3.0037975874680683e-05
97,0.9257529174238867,0.07421704460023987,3.0037975874680683e-05
98,0.9257529174238867,0.07421704460023987,3.0037975874680683e-05
99,0.9257529174238867,0.07421704460023987,3.0037975874680683e-05
100,0.9257529174238867,0.07421704460023987,3.0037975874680683e-05
101,0.9257529174238867,0.07421704460023987,3.0037975874680683e-05
102,0.9257529174238867,0.07421704460023987,3.0037975874680683e-05
103,0.9257529174238867,0.07421704460023987,3.0037975874680683e-05
104,0.9257529174238867,0.07421704460023987,3.0037975874680683e-05
105,0.9257529174238867,0.07421704460023987,3.0037975874680683e-05
106,0.9257529174238867,0.07421704460023987,3.0037975874680683e-05
107,0.9257529174238867,0.07421704460023987,3.0037975874680683e-05
108,0.9257529174238867,0.07421704460023987,3.0037975874680683e-05
109,0.9257529174238867,0.07421704460023987,3.0037975874680683e-05
110,0.9257529174238867,0.07421704460023987,3.0037975874680683e-05
111,0.9257529174238867,0.07421704460023987,3.0037975874680683e-05
112,0.9257529174238867,0.07421704460023987,3.0037975874680683e-05
113,0.9257529174238867,0.07421704460023987,3.0037975874680683e-05
114,0.9257529174238867,0.07421704460023987,3.0037975874680683e-05
115,0.9257529174238867,0.07421704460023987,3.0037975874680683e-05
116,0.9257529174238867,0.07421704460023987,3.0037975874680683e-05
117,0.9257529174238867,0.07421704460023987,3.0037975874680683e-05
118,0.9257529174238867,0.07421704460023987,3.0037975874680683e-05
119,0.9257529174238867,0.07421704460023987,3.0037975874680683e-05
120,0.9257529174238867,0.07421704460023987,3.0037975874680683e-05
121,0.9257529174238867,0.07421704460023987,3.0037975874680683e-05
122,0.9257529174238867,0.07421704460023987,3.0037975874680683e-05
123,0.9257529174238867,0.07421704460023987,3.0037975874680683e-05
124,0.9257529174238867,0.07421704460023987,3.0037975874680683e-05
125,0.9257529174238867,0.07421704460023987,3.0037975874680683e-05
126,0.9257529174238867,0.07421704460023987,3.0037975874680683e-05
127,0.9257529174238867,0.07421704460023987,3.0037975874680683e-05
128,0.9257529174238867,0.07421704460023987,3.0037975874680683e-05
129,0.9257529174238867,0.07421704460023987,3.0037975874680683e-05
130,0.9257529174238867,0.07421704460023987,3.0037975874680683e-05
131,0.9257529174238867,0.07421704460023987,3.0037975874680683e-05
132,0.9257529174238867,0.07421704460023987,3.0037975874680683e-05
133,0.9257529174238867,0.07421704460023987,3.0037975874680683e-05
134,0.9257529174238867,0.07421704460023987,3.0037975874680683e-05
135,0.9257529174238867,0.07421704460023987,3.0037975874680683e-05
136,0.9257529174238867,0.07421704460023987,3.0037975874680683e-05
137,0.9257529174238867,0.07421704460023987,3.0037975874680683e-05
138,0.9257529174238867,0.07421704460023987,3.0037975874680683e-05
139,0.9257529174238867,0.07421704460023987,3.0037975874680683e-05
140,0.9257529174238867,0.07421704460023987,3.0037975874680683e-05
141,0.9257529174238867,0.07421704460023987,3.0037975874680683e-05
142,0.9257529174238867,0.07421704460023987,3.0037975874680683e-05
143,0.9257529174238867,0.07421704460023987,3.0037975874680683e-05
144,0.9257529174238867,0.07421704460023987,3.0037975874680683e-05
145,0.9257529174238867,0.07421704460023987,3.0037975874680683e-05
146,0.9257529174238867,0.07421704460023987,3.0037975874680683e-05
147,0.9257529174238867,0.07421704460023987,3.0037975874680683e-05
148,0.9257529174238867,0.07421704460023987,3.0037975874680683e-05
149,0.9257529174238867,0.07421704460023987,3.0037975874680683e-05
150,0.9257529174238867,0.07421704460023987,3.0037975874680683e-05
151,0.9257529174238867,0.07421704460023987,3.0037975874680683e-05
152,0.9257529174238867,0.07421704460023987,3.0037975874680683e-05
153,0.9257529174238867,0.07421704460023987,3.0037975874680683e-05
154,0.9257529174238867,0.07421704460023987,3.0037975874680683e-05
155,0.9257529174238867,0.07421704460023987,3.0037975874680683e-05
156,0.9257529174238867,0.07421704460023987,3.0037975874680683e-05
157,0.9257529174238867,0.07421704460023987,3.0037975874680683e-05
158,0.9257529174238867,0.07421704460023987,3.0037975874680683e-05
159,0.9257529174238867,0.07421704460023987,3.0037975874680683e-05
160,0.9257529174238867,0.07421704460023987,3.0037975874680683e-05
161,0.9257529174238867,0.07421704460023987,3.0037975874680683e-05
162,0.9257529174238867,0.07421704460023987,3.0037975874680683e-05
163,0.9257529174238867,0.07421704460023987,3.0037975874680683e-05
164,0.9257529174238867,0.07421704460023987,3.0037975874680683e-05
165,0.9257529174238867,0.07421704460023987,3.0037975874680683e-05
166,0.9257529174238867,0.07421704460023987,3.0037975874680683e-05
167,0.9257529174238867,0.07421704460023987,3.0037975874680683e-05
168,0.9257529174238867,0.07421704460023987,3.0037975874680683e-05
169,0.9257529174238867,0.07421704460023987,3.0037975874680683e-05
170,0.9257529174238867,0.07421704460023987,3.0037975874680683e-05
171,0.9257529174238867,0.07421704460023987,3.0037975874680683e-05
172,0.9257529174238867,0.07421704460023987,3.0037975874680683e-05
173,0.9257529174238867,0.07421704460023987,3.0037975874680683e-05
174,0.9257529174238867,0.07421704460023987,3.0037975874680683e-05
175,0.9257529174238867,0.07421704460023987,3.0037975874680683e-05
176,0.9257529174238867,0.07421704460023987,3.0037975874680683e-05
177,0.9257529174238867,0.07421704460023987,3.0037975874680683e-05
178,0.9257529174238867,0.07421704460023987,3.0037975874680683e-05
179,0.9257529174238867,0.07421704460023987,3.0037975874680683e-05
180,0.9257529174238867,0.07421704460023987,3.0037975874680683e-05
181,0.9257529174238867,0.07421704460023987,3.0037975874680683e-05
182,0.9257529174238867,0.07421704460023987,3.0037975874680683e-05
183,0.9257529174238867,0.07421704460023987,3.0037975874680683e-05
184,0.9257529174238867,0.07421704460023987,3.0037975874680683e-05
185,0.9257529174238867,0.07421704460023987,3.0037975874680683e-05
186,0.9257529174238867,0.07421704460023987,3.0037975874680683e-05
187,0.9257529174238867,0.07421704460023987,3.0037975874680683e-05
188,0.9257529174238867,0.07421704460023987,3.0037975874680683e-05
189,0.9257529174238867,0.07421704460023987,3.0037975874680683e-05
190,0.9257529174238867,0.07421704460023987,3.0037975874680683e-05
191,0.9257529174238867,0.07421704460023987,3.0037975874680683e-05
192,0.9257529174238867,0.07421704460023987,3.0037975874680683e-05
193,0.9257529174238867,0.07421704460023987,3.0037975874680683e-05
194,0.9257529174238867,0.07421704460023987,3.0037975874680683e-05
195,0.9257529174238867,0.07421704460023987,3.0037975874680683e-05
196,0.9257529174238867,0.07421704460023987,3.0037975874680683e-05
197,0.9257529174238867,0.07421704460023987,3.0037975874680683e-05
198,0.9257529174238867,0.07421704460023987,3.0037975874680683e-05
199,0.9257529174238867,0.07421704460023987,3.0037975874680683e-05
200,0.9257529174238867,0.07421704460023987,3.0037975874680683e-05
201,0.9257529174238867,0.07421704460023987,3.0037975874680683e-05
202,0.9257529174238867,0.07421704460023987,3.0037975874680683e-05
203,0.9257529174238867,0.07421704460023987,3.0037975874680683e-05
204,0.9257529174238867,0.07421704460023987,3.0037975874680683e-05
205,0.9257529174238867,0.07421704460023987,3.0037975874680683e-05
206,0.9257529174238867,0.07421704460023987,3.0037975874680683e-05
207,0.9257529174238867,0.07421704460023987,3.0037975874680683e-05
208,0.9257529174238867,0.07421704460023987,3.0037975874680683e-05
209,0.9257529174238867,0.07421704460023987,3.0037975874680683e-05
210,0.9257529174238867,0.07421704460023987,3.0037975874680683e-05
211,0.9257529174238867,0.07421704460023987,3.0037975874680683e-05
212,0.9257529174238867,0.07421704460023987,3.0037975874680683e-05
213,0.9257529174238867,0.07421704460023987,3.0037975874680683e-05
214,0.9257529174238867,0.07421704460023987,3.0037975874680683e-05
215,0.9257529174238867,0.07421704460023987,3.0037975874680683e-05
216,0.9257529174238867,0.07421704460023987,3.0037975874680683e-05
217,0.9257529174238867,0.07421704460023987,3.0037975874680683e-05
218,0.9257529174238867,0.07421704460023987,3.0037975874680683e-05
219,0.9257529174238867,0.07421704460023987,3.0037975874680683e-05
220,0.9257529174238867,0.07421704460023987,3.0037975874680683e-05
221,0.9257529174238867,0.07421704460023987,3.0037975874680683e-05
222,0.9257529174238867,0.07421704460023987,3.0037975874680683e-05
223,0.9257529174238867,0.07421704460023987,3.0037975874680683e-05
224,0.9257529174238867,0.07421704460023987,3.0037975874680683e-05
225,0.9257529174238867,0.07421704460023987,3.0037975874680683e-05
226,0.9257529174238867,0.07421704460023987,3.0037975874680683e-05
227,0.9257529174238867,0.07421704460023987,3.0037975874680683e-05
228,0.9257529174238867,0.07421704460023987,3.0037975874680683e-05
229,0.9257529174238867,0.07421704460023987,3.0037975874680683e-05
230,0.9257529174238867,0.07421704460023987,3.0037975874680683e-05
231,0.9257529174238867,0.07421704460023987,3.0037975874680683e-05
232,0.9257529174238867,0.07421704460023987,3.0037975874680683e-05
233,0.9257529174238867,0.07421704460023987,3.0037975874680683e-05
234,0.9257529174238867,0.07421704460023987,3.0037975874680683e-05
235,0.9257529174238867,0.07421704460023987,3.0037975874680683e-05
236,0.9257529174238867,0.07421704460023987,3.0037975874680683e-05
237,0.9257529174238867,0.07421704460023987,3.0037975874680683e-05
238,0.9257529174238867,0.07421704460023987,3.0037975874680683e-05
239,0.9257529174238867,0.07421704460023987,3.0037975874680683e-05
240,0.9257529174238867,0.07421704460023987,3.0037975874680683e-05
241,0.9257529174238867,0.07421704460023987,3.0037975874680683e-05
242,0.9257529174238867,0.07421704460023987,3.0037975874680683e-05
243,0.9257529174238867,0.07421704460023987,3.0037975874680683e-05
244,0.9257529174238867,0.07421704460023987,3.0037975874680683e-05
245,0.9257529174238867,0.07421704460023987,3.0037975874680683e-05
246,0.9257529174238867,0.07421704460023987,3.0037975874680683e-05
247,0.9257529174238867,0.07421704460023987,3.0037975874680683e-05
248,0.9257529174238867,0.07421704460023987,3.0037975874680683e-05
249,0.9257529174238867,0.07421704460023987,3.0037975874680683e-05
250,0.9257529174238867,0.07421704460023987,3.0037975874680683e-05
251,0.9257529174238867,0.07421704460023987,3.0037975874680683e-05
252,0.9257529174238867,0.07421704460023987,3.0037975874680683e-05
253,0.9257529174238867,0.07421704460023987,3.0037975874680683e-05
254,0.9257529174238867,0.07421704460023987,3.0037975874680683e-05
255,0.9257529174238867,0.07421704460023987,3.0037975874680683e-05
256,0.9257529174238867,0.07421704460023987,3.0037975874680683e-05
257,0.9257529174238867,0.07421704460023987,3.0037975874680683e-05
258,0.9257529174238867,0.07421704460023987,3.0037975874680683e-05
259,0.9257529174238867,0.07421704460023987,3.0037975874680683e-05
260,0.9257529174238867,0.07421704460023987,3.0037975874680683e-05
261,0.9257529174238867,0.07421704460023987,3.0037975874680683e-05
262,0.9257529174238867,0.07421704460023987,3.0037975874680683e-05
263,0.9257529174238867,0.07421704460023987,3.0037975874680683e-05
264,0.9257529174238867,0.07421704460023987,3.0037975874680683e-05
265,0.9257529174238867,0.07421704460023987,3.0037975874680683e-05
266,0.9257529174238867,0.07421704460023987,3.0037975874680683e-05
267,0.9257529174238867,0.07421704460023987,3.0037975874680683e-05
268,0.9257529174238867,0.07421704460023987,3.0037975874680683e-05
269,0.9257529174238867,0.07421704460023987,3.0037975874680683e-05
270,0.9257529174238867,0.07421704460023987,3.0037975874680683e-05
271,0.9257529174238867,0.07421704460023987,3.0037975874680683e-05
272,0.9257529174238867,0.07421704460023987,3.0037975874680683e-05
273,0.9257529174238867,0.07421704460023987,3.0037975874680683e-05
274,0.9257529174238867,0.07421704460023987,3.0037975874680683e-05
275,0.9257529174238867,0.07421704460023987,3.0037975874680683e-05
276,0.9257529174238867,0.07421704460023987,3.0037975874680683e-05
277,0.9257529174238867,0.07421704460023987,3.0037975874680683e-05
278,0.9257529174238867,0.07421704460023987,3.0037975874680683e-05
279,0.9257529174238867,0.07421704460023987,3.0037975874680683e-05
280,0.9257529174238867,0.07421704460023987,3.0037975874680683e-05
281,0.9257529174238867,0.07421704460023987,3.0037975874680683e-05
282,0.9257529174238867,0.07421704460023987,3.0037975874680683e-05
283,0.9257529174238867,0.07421704460023987,3.0037975874680683e-05
284,0.9257529174238867,0.07421704460023987,3.0037975874680683e-05
285,0.9257529174238867,0.07421704460023987,3.0037975874680683e-05
286,0.9257529174238867,0.07421704460023987,3.0037975874680683e-05
287,0.9257529174238867,0.07421704460023987,3.0037975874680683e-05
288,0.9257529174238867,0.07421704460023987,3.0037975874680683e-05
289,0.9257529174238867,0.07421704460023987,3.0037975874680683e-05
290,0.9257529174238867,0.07421704460023987,3.0037975874680683e-05
291,0.9257529174238867,0.07421704460023987,3.0037975874680683e-05
292,0.9257529174238867,0.07421704460023987,3.0037975874680683e-05
293,0.9257529174238867,0.07421704460023987,3.0037975874680683e-05
294,0.9257529174238867,0.07421704460023987,3.0037975874680683e-05
295,0.9257529174238867,0.07421704460023987,3.0037975874680683e-05
296,0.9257529174238867,0.07421704460023987,3.0037975874680683e-05
297,0.9257529174238867,0.07421704460023987,3.0037975874680683e-05
298,0.9257529174238867,0.07421704460023987,3.0037975874680683e-05
299,0.9257529174238867,0.07421704460023987,3.0037975874680683e-05
300,0.9257529174238867,0.07421704460023987,3.0037975874680683e-05
301,0.9257529174238867,0.07421704460023987,3.0037975874680683e-05
302,0.9257529174238867,0.07421704460023987,3.0037975874680683e-05
303,0.9257529174238867,0.07421704460023987,3.0037975874680683e-05
304,0.9257529174238867,0.07421704460023987,3.0037975874680683e-05
305,0.9257529174238867,0.07421704460023987,3.0037975874680683e-05
306,0.9257529174238867,0.07421704460023987,3.0037975874680683e-05
307,0.9257529174238867,0.07421704460023987,3.0037975874680683e-05
308,0.9257529174238867,0.07421704460023987,3.0037975874680683e-05
309,0.9257529174238867,0.07421704460023987,3.0037975874680683e-05
310,0.9257529174238867,0.07421704460023987,3.0037975874680683e-05
311,0.9257529174238867,0.07421704460023987,3.0037975874680683e-05
312,0.9257529174238867,0.07421704460023987,3.0037975874680683e-05
313,0.9257529174238867,0.07421704460023987,3.0037975874680683e-05
314,0.9257529174238867,0.07421704460023987,3.0037975874680683e-05
315,0.9257529174238867,0.07421704460023987,3.0037975874680683e-05
316,0.9257529174238867,0.07421704460023987,3.0037975874680683e-05
317,0.9257529174238867,0.07421704460023987,3.0037975874680683e-05
318,0.9257529174238867,0.07421704460023987,3.0037975874680683e-05
319,0.9257529174238867,0.07421704460023987,3.0037975874680683e-05
320,0.9257529174238867,0.07421704460023987,3.0037975874680683e-05
321,0.9257529174238867,0.07421704460023987,3.0037975874680683e-05
322,0.9257529174238867,0.07421704460023987,3.0037975874680683e-05
323,0.9257529174238867,0.07421704460023987,3.0037975874680683e-05
324,0.9257529174238867,0.07421704460023987,3.0037975874680683e-05
325,0.9257529174238867,0.07421704460023987,3.0037975874680683e-05
326,0.9257529174238867,0.07421704460023987,3.0037975874680683e-05
327,0.9257529174238867,0.07421704460023987,3.0037975874680683e-05
328,0.9257529174238867,0.07421704460023987,3.0037975874680683e-05
329,0.9257529174238867,0.07421704460023987,3.0037975874680683e-05
330,0.9257529174238867,0.07421704460023987,3.0037975874680683e-05
331,0.9257529174238867,0.07421704460023987,3.0037975874680683e-05
332,0.9257529174238867,0.07421704460023987,3.0037975874680683e-05
333,0.9257529174238867,0.07421704460023987,3.0037975874680683e-05
334,0.9257529174238867,0.07421704460023987,3.0037975874680683e-05
335,0.9257529174238867,0.07421704460023987,3.0037975874680683e-05
336,0.9257529174238867,0.07421704460023987,3.0037975874680683e-05
337,0.9257529174238867,0.07421704460023987,3.0037975874680683e-05
338,0.9257529174238867,0.07421704460023987,3.0037975874680683e-05
339,0.9257529174238867,0.07421704460023987,3.0037975874680683e-05
340,0.9257529174238867,0.07421704460023987,3.0037975874680683e-05
341,0.9257529174238867,0.07421704460023987,3.0037975874680683e-05
342,0.9257529174238867,0.07421704460023987,3.0037975874680683e-05
343,0.9257529174238867,0.07421704460023987,3.0037975874680683e-05
344,0.9257529174238867,0.07421704460023987,3.0037975874680683e-05
345,0.9257529174238867,0.07421704460023987,3.0037975874680683e-05
346,0.9257529174238867,0.07421704460023987,3.0037975874680683e-05
347,0.9257529174238867,0.07421704460023987,3.0037975874680683e-05
348,0.9257529174238867,0.07421704460023987,3.0037975874680683e-05
349,0.9257529174238867,0.07421704460023987,3.0037975874680683e-05
350,0.9257529174238867,0.07421704460023987,3.0037975874680683e-05
351,0.9257529174238867,0.07421704460023987,3.0037975874680683e-05
352,0.9257529174238867,0.07421704460023987,3.0037975874680683e-05
353,0.9257529174238867,0.07421704460023987,3.0037975874680683e-05
354,0.9257529174238867,0.07421704460023987,3.0037975874680683e-05
355,0.9257529174238867,0.07421704460023987,3.0037975874680683e-05
356,0.9257529174238867,0.07421704460023987,3.0037975874680683e-05
357,0.9257529174238867,0.07421704460023987,3.0037975874680683e-05
358,0.9257529174238867,0.07421704460023987,3.0037975874680683e-05
359,0.9257529174238867,0.07421704460023987,3.0037975874680683e-05
360,0.9257529174238867,0.07421704460023987,3.0037975874680683e-05
361,0.9257529174238867,0.07421704460023987,3.0037975874680683e-05
362,0.9257529174238867,0.07421704460023987,3.0037975874680683e-05
363,0.9257529174238867,0.07421704460023987,3.0037975874680683e-05
364,0.9257529174238867,0.07421704460023987,3.0037975874680683e-05
365,0.9257529174238867,0.07421704460023987,3.0037975874680683e-05
366,0.9257529174238867,0.07421704460023987,3.0037975874680683e-05
367,0.9257529174238867,0.07421704460023987,3.0037975874680683e-05
368,0.9257529174238867,0.07421704460023987,3.0037975874680683e-05
369,0.9257529174238867,0.07421704460023987,3.0037975874680683e-05
370,0.9257529174238867,0.07421704460023987,3.0037975874680683e-05
371,0.9257529174238867,0.07421704460023987,3.0037975874680683e-05
372,0.9257529174238867,0.07421704460023987,3.0037975874680683e-05
373,0.9257529174238867,0.07421704460023987,3.0037975874680683e-05
374,0.9257529174238867,0.07421704460023987,3.0037975874680683e-05
375,0.9257529174238867,0.07421704460023987,3.0037975874680683e-05
376,0.9257529174238867,0.07421704460023987,3.0037975874680683e-05
377,0.9257529174238867,0.07421704460023987,3.0037975874680683e-05
378,0.9257529174238867,0.07421704460023987,3.0037975874680683e-05
379,0.9257529174238867,0.07421704460023987,3.0037975874680683e-05
380,0.9257529174238867,0.07421704460023987,3.0037975874680683e-05
381,0.9257529174238867,0.07421704460023987,3.0037975874680683e-05
382,0.9257529174238867,0.07421704460023987,3.0037975874680683e-05
383,0.9257529174238867,0.07421704460023987,3.0037975874680683e-05
384,0.9257529174238867,0.07421704460023987,3.0037975874680683e-05
385,0.9257529174238867,0.07421704460023987,3.0037975874680683e-05
386,0.9257529174238867,0.07421704460023987,3.0037975874680683e-05
387,0.9257529174238867,0.07421704460023987,3.0037975874680683e-05
388,0.9257529174238867,0.07421704460023987,3.0037975874680683e-05
389,0.9257529174238867,0.07421704460023987,3.0037975874680683e-05
390,0.9257529174238867,0.07421704460023987,3.0037975874680683e-05
391,0.9257529174238867,0.07421704460023987,3.0037975874680683e-05
392,0.9257529174238867,0.07421704460023987,3.0037975874680683e-05
393,0.9257529174238867,0.07421704460023987,3.0037975874680683e-05
394,0.9257529174238867,0.07421704460023987,3.0037975874680683e-05
395,0.9257529174238867,0.07421704460023987,3.0037975874680683e-05
396,0.9257529174238867,0.07421704460023987,3.0037975874680683e-05
397,0.9257529174238867,0.07421704460023987,3.0037975874680683e-05
398,0.9257529174238867,0.07421704460023987,3.0037975874680683e-05
399,0.9257529174238867,0.07421704460023987,3.0037975874680683e-05
400,0.9257529174238867,0.07421704460023987,3.0037975874680683e-05
401,0.9257529174238867,0.07421704460023987,3.0037975874680683e-05
402,0.9257529174238867,0.07421704460023987,3.0037975874680683e-05
403,0.9257529174238867,0.07421704460023987,3.0037975874680683e-05
404,0.9257529174238867,0.07421704460023987,3.0037975874680683e-05
405,0.9257529174238867,0.07421704460023987,3.0037975874680683e-05
406,0.9257529174238867,0.07421704460023987,3.0037975874680683e-05
407,0.9257529174238867,0.07421704460023987,3.0037975874680683e-05
408,0.9257529174238867,0.07421704460023987,3.0037975874680683e-05
409,0.9257529174238867,0.07421704460023987,3.0037975874680683e-05
410,0.9257529174238867,0.07421704460023987,3.0037975874680683e-05
411,0.9257529174238867,0.07421704460023987,3.0037975874680683e-05
412,0.9257529174238867,0.07421704460023987,3.0037975874680683e-05
413,0.9257529174238867,0.07421704460023987,3.0037975874680683e-05
414,0.9257529174238867,0.07421704460023987,3.0037975874680683e-05
415,0.9257529174238867,0.07421704460023987,3.0037975874680683e-05
416,0.9257529174238867,0.07421704460023987,3.0037975874680683e-05
417,0.9257529174238867,0.07421704460023987,3.0037975874680683e-05
418,0.9257529174238867,0.07421704460023987,3.0037975874680683e-05
419,0.9257529174238867,0.07421704460023987,3.0037975874680683e-05
420,0.9257529174238867,0.07421704460023987,3.0037975874680683e-05
421,0.9257529174238867,0.07421704460023987,3.0037975874680683e-05
422,0.9257529174238867,0.07421704460023987,3.0037975874680683e-05
423,0.9257529174238867,0.07421704460023987,3.0037975874680683e-05
424,0.9257529174238867,0.07421704460023987,3.0037975874680683e-05
425,0.9257529174238867,0.07421704460023987,3.0037975874680683e-05
426,0.9257529174238867,0.07421704460023987,3.0037975874680683e-05
427,0.9257529174238867,0.07421704460023987,3.0037975874680683e-05
428,0.9257529174238867,0.07421704460023987,3.0037975874680683e-05
429,0.9257529174238867,0.07421704460023987,3.0037975874680683e-05
430,0.9257529174238867,0.07421704460023987,3.0037975874680683e-05
431,0.9257529174238867,0.07421704460023987,3.0037975874680683e-05
432,0.9257529174238867,0.07421704460023987,3.0037975874680683e-05
433,0.9257529174238867,0.07421704460023987,3.0037975874680683e-05
434,0.9257529174238867,0.07421704460023987,3.0037975874680683e-05
435,0.9257529174238867,0.07421704460023987,3.0037975874680683e-05
436,0.9257529174238867,0.07421704460023987,3.0037975874680683e-05
437,0.9257529174238867,0.07421704460023987,3.0037975874680683e-05
438,0.9257529174238867,0.07421704460023987,3.0037975874680683e-05
439,0.9257529174238867,0.07421704460023987,3.0037975874680683e-05
440,0.9257529174238867,0.07421704460023987,3.0037975874680683e-05
441,0.9257529174238867,0.07421704460023987,3.0037975874680683e-05
442,0.9257529174238867,0.07421704460023987,3.0037975874680683e-05
443,0.9257529174238867,0.07421704460023987,3.0037975874680683e-05
444,0.9257529174238867,0.07421704460023987,3.0037975874680683e-05
445,0.9257529174238867,0.07421704460023987,3.0037975874680683e-05
446,0.9257529174238867,0.07421704460023987,3.0037975874680683e-05
447,0.9257529174238867,0.07421704460023987,3.0037975874680683e-05
448,0.9257529174238867,0.07421704460023987,3.0037975874680683e-05
449,0.9257529174238867,0.07421704460023987,3.0037975874680683e-05
450,0.9257529174238867,0.07421704460023987,3.0037975874680683e-05
451,0.9257529174238867,0.07421704460023987,3.0037975874680683e-05
452,0.9257529174238867,0.07421704460023987,3.0037975874680683e-05
453,0.9257529174238867,0.07421704460023987,3.0037975874680683e-05
454,0.9257529174238867,0.07421704460023987,3.0037975874680683e-05
455,0.9257529174238867,0.07421704460023987,3.0037975874680683e-05
456,0.9257529174238867,0.07421704460023987,3.0037975874680683e-05
457,0.9257529174238867,0.07421704460023987,3.0037975874680683e-05
458,0.9257529174238867,0.07421704460023987,3.0037975874680683e-05
459,0.9257529174238867,0.07421704460023987,3.0037975874680683e-05
460,0.9257529174238867,0.07421704460023987,3.0037975874680683e-05
461,0.9257529174238867,0.07421704460023987,3.0037975874680683e-05
462,0.9257529174238867,0.07421704460023987,3.0037975874680683e-05
463,0.9257529174238867,0.07421704460023987,3.0037975874680683e-05
464,0.9257529174238867,0.07421704460023987,3.0037975874680683e-05
465,0.9257529174238867,0.07421704460023987,3.0037975874680683e-05
466,0.9257529174238867,0.07421704460023987,3.0037975874680683e-05
467,0.9257529174238867,0.07421704460023987,3.0037975874680683e-05
468,0.9257529174238867,0.07421704460023987,3.0037975874680683e-05
469,0.9257529174238867,0.07421704460023987,3.0037975874680683e-05
470,0.9257529174238867,0.07421704460023987,3.0037975874680683e-05
471,0.9257529174238867,0.07421704460023987,3.0037975874680683e-05
472,0.9257529174238867,0.07421704460023987,3.0037975874680683e-05
473,0.9257529174238867,0.07421704460023987,3.0037975874680683e-05
474,0.9257529174238867,0.07421704460023987,3.0037975874680683e-05
475,0.9257529174238867,0.07421704460023987,3.0037975874680683e-05
476,0.9257529174238867,0.07421704460023987,3.0037975874680683e-05
477,0.9257529174238867,0.07421704460023987,3.0037975874680683e-05
478,0.9257529174238867,0.07421704460023987,3.0037975874680683e-05
479,0.9257529174238867,0.07421704460023987,3.0037975874680683e-05
480,0.9257529174238867,0.07421704460023987,3.0037975874680683e-05
481,0.9257529174238867,0.07421704460023987,3.0037975874680683e-05
482,0.9257529174238867,0.07421704460023987,3.0037975874680683e-05
483,0.9257529174238867,0.07421704460023987,3.0037975874680683e-05
484,0.9257529174238867,0.07421704460023987,3.0037975874680683e-05
485,0.9257529174238867,0.07421704460023987,3.0037975874680683e-05
486,0.9257529174238867,0.07421704460023987,3.0037975874680683e-05
487,0.9257529174238867,0.07421704460023987,3.0037975874680683e-05
488,0.9257529174238867,0.07421704460023987,3.0037975874680683e-05
489,0.9257529174238867,0.07421704460023987,3.0037975874680683e-05
490,0.9257529174238867,0.07421704460023987,3.0037975874680683e-05
491,0.9257529174238867,0.07421704460023987,3.0037975874680683e-05
492,0.9257529174238867,0.07421704460023987,3.0037975874680683e-05
493,0.9257529174238867,0.07421704460023987,3.0037975874680683e-05
494,0.9257529174238867,0.07421704460023987,3.0037975874680683e-05
495,0.9257529174238867,0.07421704460023987,3.0037975874680683e-05
496,0.9257529174238867,0.07421704460023987,3.0037975874680683e-05
497,0.9257529174238867,0.07421704460023987,3.0037975874680683e-05
498,0.9257529174238867,0.07421704460023987,3.0037975874680683e-05
499,0.9257529174238867,0.07421704460023987,3.0037975874680683e-05
500,0.9257529174238867,0.07421704460023987,3.0037975874680683e-05
501,0.9257529174238867,0.07421704460023987,3.0037975874680683e-05
502,0.9257529174238867,0.07421704460023987,3.0037975874680683e-05
503,0.9257529174238867,0.07421704460023987,3.0037975874680683e-05
504,0.9257529174238867,0.07421704460023987,3.0037975874680683e-05
505,0.9257529174238867,0.07421704460023987,3.0037975874680683e-05
506,0.9257529174238867,0.07421704460023987,3.0037975874680683e-05
507,0.9257529174238867,0.07421704460023987,3.0037975874680683e-05
508,0.9257529174238867,0.07421704460023987,3.0037975874680683e-05
509,0.9257529174238867,0.07421704460023987,3.0037975874680683e-05
510,0.9257529174238867,0.07421704460023987,3.0037975874680683e-05
511,0.9257529174238867,0.07421704460023987,3.0037975874680683e-05
512,0.9257529174238867,0.07421704460023987,3.0037975874680683e-05
513,0.9257529174238867,0.07421704460023987,3.0037975874680683e-05
514,0.9257529174238867,0.07421704460023987,3.0037975874680683e-05
515,0.9257529174238867,0.07421704460023987,3.0037975874680683e-05
516,0.9257529174238867,0.07421704460023987,3.0037975874680683e-05
517,0.9257529174238867,0.07421704460023987,3.0037975874680683e-05
518,0.9257529174238867,0.07421704460023987,3.0037975874680683e-05
519,0.9257529174238867,0.07421704460023987,3.0037975874680683e-05
520,0.9257529174238867,0.07421704460023987,3.0037975874680683e-05
521,0.9257529174238867,0.07421704460023987,3.0037975874680683e-05
522,0.9257529174238867,0.07421704460023987,3.0037975874680683e-05
523,0.9257529174238867,0.07421704460023987,3.0037975874680683e-05
524,0.9257529174238867,0.07421704460023987,3.0037975874680683e-05
525,0.9257529174238867,0.07421704460023987,3.0037975874680683e-05
526,0.9257529174238867,0.07421704460023987,3.0037975874680683e-05
527,0.9257529174238867,0.07421704460023987,3.0037975874680683e-05
528,0.9257529174238867,0.07421704460023987,3.0037975874680683e-05
529,0.9257529174238867,0.07421704460023987,3.0037975874680683e-05
530,0.9257529174238867,0.07421704460023987,3.0037975874680683e-05
531,0.9257529174238867,0.07421704460023987,3.0037975874680683e-05
532,0.9257529174238867,0.07421704460023987,3.0037975874680683e-05
533,0.9257529174238867,0.07421704460023987,3.0037975874680683e-05
534,0.9257529174238867,0.07421704460023987,3.0037975874680683e-05
535,0.9257529174238867,0.07421704460023987,3.0037975874680683e-05
536,0.9257529174238867,0.07421704460023987,3.0037975874680683e-05
537,0.9257529174238867,0.07421704460023987,3.0037975874680683e-05
538,0.9257529174238867,0.07421704460023987,3.0037975874680683e-05
539,0.9257529174238867,0.07421704460023987,3.0037975874680683e-05
540,0.9257529174238867,0.07421704460023987,3.0037975874680683e-05
541,0.9257529174238867,0.07421704460023987,3.0037975874680683e-05
542,0.9257529174238867,0.07421704460023987,3.0037975874680683e-05
543,0.9257529174238867,0.07421704460023987,3.0037975874680683e-05
544,0.9257529174238867,0.07421704460023987,3.0037975874680683e-05
545,0.9257529174238867,0.07421704460023987,3.0037975874680683e-05
546,0.9257529174238867,0.07421704460023987,3.0037975874680683e-05
547,0.9257529174238867,0.07421704460023987,3.0037975874680683e-05
548,0.9257529174238867,0.07421704460023987,3.0037975874680683e-05
549,0.9257529174238867,0.07421704460023987,3.0037975874680683e-05
550,0.9257529174238867,0.07421704460023987,3.0037975874680683e-05
551,0.9257529174238867,0.07421704460023987,3.0037975874680683e-05
552,0.9257529174238867,0.07421704460023987,3.0037975874680683e-05
553,0.9257529174238867,0.07421704460023987,3.0037975874680683e-05
554,0.9257529174238867,0.07421704460023987,3.0037975874680683e-05
555,0.9257529174238867,0.07421704460023987,3.0037975874680683e-05
556,0.9257529174238867,0.07421704460023987,3.0037975874680683e-05
557,0.9257529174238867,0.07421704460023987,3.0037975874680683e-05
558,0.9257529174238867,0.07421704460023987,3.0037975874680683e-05
559,0.9257529174238867,0.07421704460023987,3.0037975874680683e-05
560,0.9257529174238867,0.07421704460023987,3.0037975874680683e-05
561,0.9257529174238867,0.07421704460023987,3.0037975874680683e-05
562,0.9257529174238867,0.07421704460023987,3.0037975874680683e-05
563,0.9257529174238867,0.07421704460023987,3.0037975874680683e-05
564,0.9257529174238867,0.07421704460023987,3.0037975874680683e-05
565,0.9257529174238867,0.07421704460023987,3.0037975874680683e-05
566,0.9257529174238867,0.07421704460023987,3.0037975874680683e-05
567,0.9257529174238867,0.07421704460023987,3.0037975874680683e-05
568,0.9257529174238867,0.07421704460023987,3.0037975874680683e-05
569,0.9257529174238867,0.07421704460023987,3.0037975874680683e-05
570,0.9257529174238867,0.07421704460023987,3.0037975874680683e-05
571,0.9257529174238867,0.07421704460023987,3.0037975874680683e-05
572,0.9257529174238867,0.07421704460023987,3.0037975874680683e-05
573,0.9257529174238867,0.07421704460023987,3.0037975874680683e-05
574,0.9257529174238867,0.07421704460023987,3.0037975874680683e-05
575,0.9257529174238867,0.07421704460023987,3.0037975874680683e-05
576,0.9257529174238867,0.07421704460023987,3.0037975874680683e-05
577,0.9257529174238867,0.07421704460023987,3.0037975874680683e-05
578,0.9257529174238867,0.07421704460023987,3.0037975874680683e-05
579,0.9257529174238867,0.07421704460023987,3.0037975874680683e-05
580,0.9257529174238867,0.07421704460023987,3.0037975874680683e-05
581,0.9257529174238867,0.07421704460023987,3.0037975874680683e-05
582,0.9257529174238867,0.07421704460023987,3.0037975874680683e-05
583,0.9257529174238867,0.07421704460023987,3.0037975874680683e-05
584,0.9257529174238867,0.07421704460023987,3.0037975874680683e-05
585,0.9257529174238867,0.07421704460023987,3.0037975874680683e-05
586,0.9257529174238867,0.07421704460023987,3.0037975874680683e-05
587,0.9257529174238867,0.07421704460023987,3.0037975874680683e-05
588,0.9257529174238867,0.07421704460023987,3.0037975874680683e-05
589,0.9257529174238867,0.07421704460023987,3.0037975874680683e-05
590,0.9257529174238867,0.07421704460023987,3.0037975874680683e-05
591,0.9257529174238867,0.07421704460023987,3.0037975874680683e-05
592,0.9257529174238867,0.07421704460023987,3.0037975874680683e-05
593,0.9257529174238867,0.07421704460023987,3.0037975874680683e-05
594,0.9257529174238867,0.07421704460023987,3.0037975874680683e-05
595,0.9257529174238867,0.07421704460023987,3.0037975874680683e-05
596,0.9257529174238867,0.07421704460023987,3.0037975874680683e-05
597,0.9257529174238867,0.07421704460023987,3.0037975874680683e-05
598,0.9257529174238867,0.07421704460023987,3.0037975874680683e-05
599,0.9257529174238867,0.07421704460023987,3.0037975874680683e-05
600,0.9257529174238867,0.07421704460023987,3.0037975874680683e-05
601,0.9257529174238867,0.07421704460023987,3.0037975874680683e-05
602,0.9257529174238867,0.07421704460023987,3.0037975874680683e-05
603,0.9257529174238867,0.07421704460023987,3.0037975874680683e-05
604,0.9257529174238867,0.07421704460023987,3.0037975874680683e-05
605,0.9257529174238867,0.07421704460023987,3.0037975874680683e-05
606,0.9257529174238867,0.07421704460023987,3.0037975874680683e-05
607,0.9257529174238867,0.07421704460023987,3.0037975874680683e-05
608,0.9257529174238867,0.07421704460023987,3.0037975874680683e-05
609,0.9257529174238867,0.07421704460023987,3.0037975874680683e-05
610,0.9257529174238867,0.07421704460023987,3.0037975874680683e-05
611,0.9257529174238867,0.07421704460023987,3.0037975874680683e-05
612,0.9257529174238867,0.07421704460023987,3.0037975874680683e-05
613,0.9257529174238867,0.07421704460023987,3.0037975874680683e-05
614,0.9257529174238867,0.07421704460023987,3.0037975874680683e-05
615,0.9257529174238867,0.07421704460023987,3.0037975874680683e-05
616,0.9257529174238867,0.07421704460023987,3.0037975874680683e-05
617,0.9257529174238867,0.07421704460023987,3.0037975874680683e-05
618,0.9257529174238867,0.07421704460023987,3.0037975874680683e-05
619,0.9257529174238867,0.07421704460023987,3.0037975874680683e-05
620,0.9257529174238867,0.07421704460023987,3.0037975874680683e-05
621,0.9257529174238867,0.07421704460023987,3.0037975874680683e-05
622,0.9257529174238867,0.07421704460023987,3.0037975874680683e-05
623,0.9257529174238867,0.07421704460023987,3.0037975874680683e-05
624,0.9257529174238867,0.07421704460023987,3.0037975874680683e-05
625,0.9257529174238867,0.07421704460023987,3.0037975874680683e-05
626,0.9257529174238867,0.07421704460023987,3.0037975874680683e-05
627,0.9257529174238867,0.07421704460023987,3.0037975874680683e-05
628,0.9257529174238867,0.07421704460023987,3.0037975874680683e-05
629,0.9257529174238867,0.07421704460023987,3.0037975874680683e-05
630,0.9257529174238867,0.07421704460023987,3.0037975874680683e-05
631,0.9257529174238867,0.07421704460023987,3.0037975874680683e-05
632,0.9257529174238867,0.07421704460023987,3.0037975874680683e-05
633,0.9257529174238867,0.07421704460023987,3.0037975874680683e-05
634,0.9257529174238867,0.07421704460023987,3.0037975874680683e-05
635,0.9257529174238867,0.07421704460023987,3.0037975874680683e-05
636,0.9257529174238867,0.07421704460023987,3.0037975874680683e-05
637,0.9257529174238867,0.07421704460023987,3.0037975874680683e-05
638,0.9257529174238867,0.07421704460023987,3.0037975874680683e-05
639,0.9257529174238867,0.07421704460023987,3.0037975874680683e-05
640,0.9257529174238867,0.07421704460023987,3.0037975874680683e-05
641,0.9257529174238867,0.07421704460023987,3.0037975874680683e-05
642,0.9257529174238867,0.07421704460023987,3.0037975874680683e-05
643,0.9257529174238867,0.07421704460023987,3.0037975874680683e-05
644,0.9257529174238867,0.07421704460023987,3.0037975874680683e-05
645,0.9257529174238867,0.07421704460023987,3.0037975874680683e-05
646,0.9257529174238867,0.07421704460023987,3.0037975874680683e-05
647,0.9257529174238867,0.07421704460023987,3.0037975874680683e-05
648,0.9257529174238867,0.07421704460023987,3.0037975874680683e-05
649,0.9257529174238867,0.07421704460023987,3.0037975874680683e-05
650,0.9257529174238867,0.07421704460023987,3.0037975874680683e-05
651,0.9257529174238867,0.07421704460023987,3.0037975874680683e-05
652,0.9257529174238867,0.07421704460023987,3.0037975874680683e-05
653,0.9257529174238867,0.07421704460023987,3.0037975874680683e-05
654,0.9257529174238867,0.07421704460023987,3.0037975874680683e-05
655,0.9257529174238867,0.07421704460023987,3.0037975874680683e-05
656,0.9257529174238867,0.07421704460023987,3.0037975874680683e-05
657,0.9257529174238867,0.07421704460023987,3.0037975874680683e-05
658,0.9257529174238867,0.07421704460023987,3.0037975874680683e-05
659,0.9257529174238867,0.07421704460023987,3.0037975874680683e-05
660,0.9257529174238867,0.07421704460023987,3.0037975874680683e-05
661,0.9257529174238867,0.07421704460023987,3.0037975874680683e-05
662,0.9257529174238867,0.07421704460023987,3.0037975874680683e-05
663,0.9257529174238867,0.07421704460023987,3.0037975874680683e-05
664,0.9257529174238867,0.07421704460023987,3.0037975874680683e-05
665,0.9257529174238867,0.07421704460023987,3.0037975874680683e-05
666,0.9257529174238867,0.07421704460023987,3.0037975874680683e-05
667,0.9257529174238867,0.07421704460023987,3.0037975874680683e-05
668,0.9257529174238867,0.07421704460023987,3.0037975874680683e-05
669,0.9257529174238867,0.07421704460023987,3.0037975874680683e-05
670,0.9257529174238867,0.07421704460023987,3.0037975874680683e-05
671,0.9257529174238867,0.07421704460023987,3.0037975874680683e-05
672,0.9257529174238867,0.07421704460023987,3.0037975874680683e-05
673,0.9257529174238867,0.07421704460023987,3.0037975874680683e-05
674,0.9257529174238867,0.07421704460023987,3.0037975874680683e-05
675,0.9257529174238867,0.07421704460023987,3.0037975874680683e-05
676,0.9257529174238867,0.07421704460023987,3.0037975874680683e-05
677,0.9257529174238867,0.07421704460023987,3.0037975874680683e-05
678,0.9257529174238867,0.07421704460023987,3.0037975874680683e-05
679,0.9257529174238867,0.07421704460023987,3.0037975874680683e-05
680,0.9257529174238867,0.07421704460023987,3.0037975874680683e-05
681,0.9257529174238867,0.07421704460023987,3.0037975874680683e-05
682,0.9257529174238867,0.07421704460023987,3.0037975874680683e-05
683,0.9257529174238867,0.07421704460023987,3.0037975874680683e-05
684,0.9257529174238867,0.07421704460023987,3.0037975874680683e-05
685,0.9257529174238867,0.07421704460023987,3.0037975874680683e-05
686,0.9257529174238867,0.07421704460023987,3.0037975874680683e-05
687,0.9257529174238867,0.07421704460023987,3.0037975874680683e-05
688,0.9257529174238867,0.07421704460023987,3.0037975874680683e-05
689,0.9257529174238867,0.07421704460023987,3.0037975874680683e-05
690,0.9257529174238867,0.07421704460023987,3.0037975874680683e-05
691,0.9257529174238867,0.07421704460023987,3.0037975874680683e-05
692,0.9257529174238867,0.07421704460023987,3.0037975874680683e-05
693,0.9257529174238867,0.07421704460023987,3.0037975874680683e-05
694,0.9257529174238867,0.07421704460023987,3.0037975874680683e-05
695,0.9257529174238867,0.07421704460023987,3.0037975874680683e-05
696,0.9257529174238867,0.07421704460023987,3.0037975874680683e-05
697,0.9257529174238867,0.07421704460023987,3.0037975874680683e-05
698,0.9257529174238867,0.07421704460023987,3.0037975874680683e-05
699,0.9257529174238867,0.07421704460023987,3.0037975874680683e-05
700,0.9257529174238867,0.07421704460023987,3.0037975874680683e-05
701,0.9257529174238867,0.07421704460023987,3.0037975874680683e-05
702,0.9257529174238867,0.07421704460023987,3.0037975874680683e-05
703,0.9257529174238867,0.07421704460023987,3.0037975874680683e-05
704,0.9257529174238867,0.07421704460023987,3.0037975874680683e-05
705,0.9257529174238867,0.07421704460023987,3.0037975874680683e-05
706,0.9257529174238867,0.07421704460023987,3.0037975874680683e-05
707,0.9257529174238867,0.07421704460023987,3.0037975874680683e-05
708,0.9257529174238867,0.07421704460023987,3.0037975874680683e-05
709,0.9257529174238867,0.07421704460023987,3.0037975874680683e-05
710,0.9257529174238867,0.07421704460023987,3.0037975874680683e-05
711,0.9257529174238867,0.07421704460023987,3.0037975874680683e-05
712,0.9257529174238867,0.07421704460023987,3.0037975874680683e-05
713,0.9257529174238867,0.07421704460023987,3.0037975874680683e-05
714,0.9257529174238867,0.07421704460023987,3.0037975874680683e-05
715,0.9257529174238867,0.07421704460023987,3.0037975874680683e-05
716,0.9257529174238867,0.07421704460023987,3.0037975874680683e-05
717,0.9257529174238867,0.07421704460023987,3.0037975874680683e-05
718,0.9257529174238867,0.07421704460023987,3.0037975874680683e-05
719,0.9257529174238867,0.07421704460023987,3.0037975874680683e-05
720,0.9257529174238867,0.07421704460023987,3.0037975874680683e-05
721,0.9257529174238867,0.07421704460023987,3.0037975874680683e-05
722,0.9257529174238867,0.07421704460023987,3.0037975874680683e-05
723,0.9257529174238867,0.07421704460023987,3.0037975874680683e-05
724,0.9257529174238867,0.07421704460023987,3.0037975874680683e-05
725,0.9257529174238867,0.07421704460023987,3.0037975874680683e-05
726,0.9257529174238867,0.07421704460023987,3.0037975874680683e-05
727,0.9257529174238867,0.07421704460023987,3.0037975874680683e-05
728,0.9257529174238867,0.07421704460023987,3.0037975874680683e-05
729,0.9257529174238867,0.07421704460023987,3.0037975874680683e-05
730,0.9257529174238867,0.07421704460023987,3.0037975874680683e-05
731,0.9257529174238867,0.07421704460023987,3.0037975874680683e-05
732,0.9257529174238867,0.07421704460023987,3.0037975874680683e-05
733,0.9257529174238867,0.07421704460023987,3.0037975874680683e-05
734,0.9257529174238867,0.07421704460023987,3.0037975874680683e-05
735,0.9257529174238867,0.07421704460023987,3.0037975874680683e-05
736,0.9257529174238867,0.07421704460023987,3.0037975874680683e-05
737,0.9257529174238867,0.07421704460023987,3.0037975874680683e-05
738,0.9257529174238867,0.07421704460023987,3.0037975874680683e-05
739,0.9257529174238867,0.07421704460023987,3.0037975874680683e-05
740,0.9257529174238867,0.07421704460023987,3.0037975874680683e-05
741,0.9257529174238867,0.07421704460023987,3.0037975874680683e-05
742,0.9257529174238867,0.07421704460023987,3.0037975874680683e-05
743,0.9257529174238867,0.07421704460023987,3.0037975874680683e-05
744,0.9257529174238867,0.07421704460023987,3.0037975874680683e-05
745,0.9257529174238867,0.07421704460023987,3.0037975874680683e-05
746,0.9257529174238867,0.07421704460023987,3.0037975874680683e-05
747,0.9257529174238867,0.07421704460023987,3.0037975874680683e-05
748,0.9257529174238867,0.07421704460023987,3.0037975874680683e-05
749,0.9257529174238867,0.07421704460023987,3.0037975874680683e-05
750,0.9257529174238867,0.07421704460023987,3.0037975874680683e-05
751,0.9257529174238867,0.07421704460023987,3.0037975874680683e-05
752,0.9257529174238867,0.07421704460023987,3.0037975874680683e-05
753,0.9257529174238867,0.07421704460023987,3.0037975874680683e-05
754,0.9257529174238867,0.07421704460023987,3.0037975874680683e-05
755,0.9257529174238867,0.07421704460023987,3.0037975874680683e-05
756,0.9257529174238867,0.07421704460023987,3.0037975874680683e-05
757,0.9257529174238867,0.07421704460023987,3.0037975874680683e-05
758,0.9257529174238867,0.07421704460023987,3.0037975874680683e-05
759,0.9257529174238867,0.07421704460023987,3.0037975874680683e-05
760,0.9257529174238867,0.07421704460023987,3.0037975874680683e-05
761,0.9257529174238867,0.07421704460023987,3.0037975874680683e-05
762,0.9257529174238867,0.07421704460023987,3.0037975874680683e-05
763,0.9257529174238867,0.07421704460023987,3.0037975874680683e-05
764,0.9257529174238867,0.07421704460023987,3.0037975874680683e-05
765,0.9257529174238867,0.07421704460023987,3.0037975874680683e-05
766,0.9257529174238867,0.07421704460023987,3.0037975874680683e-05
767,0.9257529174238867,0.07421704460023987,3.0037975874680683e-05
768,0.9257529174238867,0.07421704460023987,3.0037975874680683e-05
769,0.9257529174238867,0.07421704460023987,3.0037975874680683e-05
770,0.9257529174238867,0.07421704460023987,3.0037975874680683e-05
771,0.9257529174238867,0.07421704460023987,3.0037975874680683e-05
772,0.9257529174238867,0.07421704460023987,3.0037975874680683e-05
773,0.9257529174238867,0.07421704460023987,3.0037975874680683e-05
774,0.9257529174238867,0.07421704460023987,3.0037975874680683e-05
775,0.9257529174238867,0.07421704460023987,3.0037975874680683e-05
776,0.9257529174238867,0.07421704460023987,3.0037975874680683e-05
777,0.9257529174238867,0.07421704460023987,3.0037975874680683e-05
778,0.9257529174238867,0.07421704460023987,3.0037975874680683e-05
779,0.9257529174238867,0.07421704460023987,3.0037975874680683e-05
780,0.9257529174238867,0.07421704460023987,3.0037975874680683e-05
781,0.9257529174238867,0.07421704460023987,3.0037975874680683e-05
782,0.9257529174238867,0.07421704460023987,3.0037975874680683e-05
783,0.9257529174238867,0.07421704460023987,3.0037975874680683e-05
784,0.9257529174238867,0.07421704460023987,3.0037975874680683e-05
785,0.9257529174238867,0.07421704460023987,3.0037975874680683e-05
786,0.9257529174238867,0.07421704460023987,3.0037975874680683e-05
787,0.9257529174238867,0.07421704460023987,3.0037975874680683e-05
788,0.9257529174238867,0.07421704460023987,3.0037975874680683e-05
789,0.9257529174238867,0.07421704460023987,3.0037975874680683e-05
790,0.9257529174238867,0.07421704460023987,3.0037975874680683e-05
791,0.9257529174238867,0.07421704460023987,3.0037975874680683e-05
792,0.9257529174238867,0.07421704460023987,3.0037975874680683e-05
793,0.9257529174238867,0.07421704460023987,3.0037975874680683e-05
794,0.9257529174238867,0.07421704460023987,3.0037975874680683e-05
795,0.9257529174238867,0.07421704460023987,3.0037975874680683e-05
796,0.9257529174238867,0.07421704460023987,3.0037975874680683e-05
797,0.9257529174238867,0.07421704460023987,3.0037975874680683e-05
798,0.9257529174238867,0.07421704460023987,3.0037975874680683e-05
799,0.9257529174238867,0.07421704460023987,3.0037975874680683e-05
800,0.9257529174238867,0.07421704460023987,3.0037975874680683e-05
801,0.9257529174238867,0.07421704460023987,3.0037975874680683e-05
802,0.9257529174238867,0.07421704460023987,3.0037975874680683e-05
803,0.9257529174238867,0.07421704460023987,3.0037975874680683e-05
804,0.9257529174238867,0.07421704460023987,3.0037975874680683e-05
805,0.9257529174238867,0.07421704460023987,3.0037975874680683e-05
806,0.9257529174238867,0.07421704460023987,3.0037975874680683e-05
807,0.9257529174238867,0.07421704460023987,3.0037975874680683e-05
808,0.9257529174238867,0.07421704460023987,3.0037975874680683e-05
809,0.9257529174238867,0.07421704460023987,3.0037975874680683e-05
810,0.9257529174238867,0.07421704460023987,3.0037975874680683e-05
811,0.9257529174238867,0.07421704460023987,3.0037975874680683e-05
812,0.9257529174238867,0.07421704460023987,3.0037975874680683e-05
813,0.9257529174238867,0.07421704460023987,3.0037975874680683e-05
814,0.9257529174238867,0.07421704460023987,3.0037975874680683e-05
815,0.9257529174238867,0.07421704460023987,3.0037975874680683e-05
816,0.9257529174238867,0.07421704460023987,3.0037975874680683e-05
817,0.9257529174238867,0.07421704460023987,3.0037975874680683e-05
818,0.9257529174238867,0.07421704460023987,3.0037975874680683e-05
819,0.9257529174238867,0.07421704460023987,3.0037975874680683e-05
820,0.9257529174238867,0.07421704460023987,3.0037975874680683e-05
821,0.9257529174238867,0.07421704460023987,3.0037975874680683e-05
822,0.9257529174238867,0.07421704460023987,3.0037975874680683e-05
823,0.9257529174238867,0.07421704460023987,3.0037975874680683e-05
824,0.9257529174238867,0.07421704460023987,3.0037975874680683e-05
825,0.9257529174238867,0.07421704460023987,3.0037975874680683e-05
826,0.9257529174238867,0.07421704460023987,3.0037975874680683e-05
827,0.9257529174238867,0.07421704460023987,3.0037975874680683e-05
828,0.9257529174238867,0.07421704460023987,3.0037975874680683e-05
829,0.9257529174238867,0.07421704460023987,3.0037975874680683e-05
830,0.9257529174238867,0.07421704460023987,3.0037975874680683e-05
831,0.9257529174238867,0.07421704460023987,3.0037975874680683e-05
832,0.9257529174238867,0.07421704460023987,3.0037975874680683e-05
833,0.9257529174238867,0.07421704460023987,3.0037975874680683e-05
834,0.9257529174238867,0.07421704460023987,3.0037975874680683e-05
835,0.9257529174238867,0.07421704460023987,3.0037975874680683e-05
836,0.9257529174238867,0.07421704460023987,3.0037975874680683e-05
837,0.9257529174238867,0.07421704460023987,3.0037975874680683e-05
838,0.9257529174238867,0.07421704460023987,3.0037975874680683e-05
839,0.9257529174238867,0.07421704460023987,3.0037975874680683e-05
840,0.9257529174238867,0.07421704460023987,3.0037975874680683e-05
841,0.9257529174238867,0.07421704460023987,3.0037975874680683e-05
842,0.9257529174238867,0.07421704460023987,3.0037975874680683e-05
843,0.9257529174238867,0.07421704460023987,3.0037975874680683e-05
844,0.9257529174238867,0.07421704460023987,3.0037975874680683e-05
845,0.9257529174238867,0.07421704460023987,3.0037975874680683e-05
846,0.9257529174238867,0.07421704460023987,3.0037975874680683e-05
847,0.9257529174238867,0.07421704460023987,3.0037975874680683e-05
848,0.9257529174238867,0.07421704460023987,3.0037975874680683e-05
849,0.9257529174238867,0.07421704460023987,3.0037975874680683e-05
850,0.9257529174238867,0.07421704460023987,3.0037975874680683e-05
851,0.9257529174238867,0.07421704460023987,3.0037975874680683e-05
852,0.9257529174238867,0.07421704460023987,3.0037975874680683e-05
853,0.9257529174238867,0.07421704460023987,3.0037975874680683e-05
854,0.9257529174238867,0.07421704460023987,3.0037975874680683e-05
855,0.9257529174238867,0.07421704460023987,3.0037975874680683e-05
856,0.9257529174238867,0.07421704460023987,3.0037975874680683e-05
857,0.9257529174238867,0.07421704460023987,3.0037975874680683e-05
858,0.9257529174238867,0.07421704460023987,3.0037975874680683e-05
859,0.9257529174238867,0.07421704460023987,3.0037975874680683e-05
860,0.9257529174238867,0.07421704460023987,3.0037975874680683e-05
861,0.9257529174238867,0.07421704460023987,3.0037975874680683e-05
862,0.9257529174238867,0.07421704460023987,3.0037975874680683e-05
863,0.9257529174238867,0.07421704460023987,3.0037975874680683e-05
864,0.9257529174238867,0.07421704460023987,3.0037975874680683e-05
865,0.9257529174238867,0.07421704460023987,3.0037975874680683e-05
866,0.9257529174238867,0.07421704460023987,3.0037975874680683e-05
867,0.9257529174238867,0.07421704460023987,3.0037975874680683e-05
868,0.9257529174238867,0.07421704460023987,3.0037975874680683e-05
869,0.9257529174238867,0.07421704460023987,3.0037975874680683e-05
870,0.9257529174238867,0.07421704460023987,3.0037975874680683e-05
871,0.9257529174238867,0.07421704460023987,3.0037975874680683e-05
872,0.9257529174238867,0.07421704460023987,3.0037975874680683e-05
873,0.9257529174238867,0.07421704460023987,3.0037975874680683e-05
874,0.9257529174238867,0.07421704460023987,3.0037975874680683e-05
875,0.9257529174238867,0.07421704460023987,3.0037975874680683e-05
876,0.9257529174238867,0.07421704460023987,3.0037975874680683e-05
877,0.9257529174238867,0.07421704460023987,3.0037975874680683e-05
878,0.9257529174238867,0.07421704460023987,3.0037975874680683e-05
879,0.9257529174238867,0.07421704460023987,3.0037975874680683e-05
880,0.9257529174238867,0.07421704460023987,3.0037975874680683e-05
881,0.9257529174238867,0.07421704460023987,3.0037975874680683e-05
882,0.9257529174238867,0.07421704460023987,3.0037975874680683e-05
883,0.9257529174238867,0.07421704460023987,3.0037975874680683e-05
884,0.9257529174238867,0.07421704460023987,3.0037975874680683e-05
885,0.9257529174238867,0.07421704460023987,3.0037975874680683e-05
886,0.9257529174238867,0.07421704460023987,3.0037975874680683e-05
887,0.9257529174238867,0.07421704460023987,3.0037975874680683e-05
888,0.9257529174238867,0.07421704460023987,3.0037975874680683e-05
889,0.9257529174238867,0.07421704460023987,3.0037975874680683e-05
890,0.9257529174238867,0.07421704460023987,3.0037975874680683e-05
891,0.9257529174238867,0.07421704460023987,3.0037975874680683e-05
892,0.9257529174238867,0.07421704460023987,3.0037975874680683e-05
893,0.9257529174238867,0.07421704460023987,3.0037975874680683e-05
894,0.9257529174238867,0.07421704460023987,3.0037975874680683e-05
895,0.9257529174238867,0.07421704460023987,3.0037975874680683e-05
896,0.9257529174238867,0.07421704460023987,3.0037975874680683e-05
897,0.9257529174238867,0.07421704460023987,3.0037975874680683e-05
898,0.9257529174238867,0.07421704460023987,3.0037975874680683e-05
899,0.9257529174238867,0.07421704460023987,3.0037975874680683e-05
900,0.9257529174238867,0.07421704460023987,3.0037975874680683e-05
901,0.9257529174238867,0.07421704460023987,3.0037975874680683e-05
902,0.9257529174238867,0.07421704460023987,3.0037975874680683e-05
903,0.9257529174238867,0.07421704460023987,3.0037975874680683e-05
904,0.9257529174238867,0.07421704460023987,3.0037975874680683e-05
905,0.9257529174238867,0.07421704460023987,3.0037975874680683e-05
906,0.9257529174238867,0.07421704460023987,3.0037975874680683e-05
907,0.9257529174238867,0.07421704460023987,3.0037975874680683e-05
908,0.9257529174238867,0.07421704460023987,3.0037975874680683e-05
909,0.9257529174238867,0.07421704460023987,3.0037975874680683e-05
910,0.9257529174238867,0.07421704460023987,3.0037975874680683e-05
911,0.9257529174238867,0.07421704460023987,3.0037975874680683e-05
912,0.9257529174238867,0.07421704460023987,3.0037975874680683e-05
913,0.9257529174238867,0.07421704460023987,3.0037975874680683e-05
914,0.9257529174238867,0.07421704460023987,3.0037975874680683e-05
915,0.9257529174238867,0.07421704460023987,3.0037975874680683e-05
916,0.9257529174238867,0.07421704460023987,3.0037975874680683e-05
917,0.9257529174238867,0.07421704460023987,3.0037975874680683e-05
918,0.9257529174238867,0.07421704460023987,3.0037975874680683e-05
919,0.9257529174238867,0.07421704460023987,3.0037975874680683e-05
920,0.9257529174238867,0.07421704460023987,3.0037975874680683e-05
921,0.9257529174238867,0.07421704460023987,3.0037975874680683e-05
922,0.9257529174238867,0.07421704460023987,3.0037975874680683e-05
923,0.9257529174238867,0.07421704460023987,3.0037975874680683e-05
924,0.9257529174238867,0.07421704460023987,3.0037975874680683e-05
925,0.9257529174238867,0.07421704460023987,3.0037975874680683e-05
926,0.9257529174238867,0.07421704460023987,3.0037975874680683e-05
927,0.9257529174238867,0.07421704460023987,3.0037975874680683e-05
928,0.9257529174238867,0.07421704460023987,3.0037975874680683e-05
929,0.9257529174238867,0.07421704460023987,3.0037975874680683e-05
930,0.9257529174238867,0.07421704460023987,3.0037975874680683e-05
931,0.9257529174238867,0.07421704460023987,3.0037975874680683e-05
932,0.9257529174238867,0.07421704460023987,3.0037975874680683e-05
933,0.9257529174238867,0.07421704460023987,3.0037975874680683e-05
934,0.9257529174238867,0.07421704460023987,3.0037975874680683e-05
935,0.9257529174238867,0.07421704460023987,3.0037975874680683e-05
936,0.9257529174238867,0.07421704460023987,3.0037975874680683e-05
937,0.9257529174238867,0.07421704460023987,3.0037975874680683e-05
938,0.9257529174238867,0.07421704460023987,3.0037975874680683e-05
939,0.9257529174238867,0.07421704460023987,3.0037975874680683e-05
940,0.9257529174238867,0.07421704460023987,3.0037975874680683e-05
941,0.9257529174238867,0.07421704460023987,3.0037975874680683e-05
942,0.9257529174238867,0.07421704460023987,3.0037975874680683e-05
943,0.9257529174238867,0.07421704460023987,3.0037975874680683e-05
944,0.9257529174238867,0.07421704460023987,3.0037975874680683e-05
945,0.9257529174238867,0.07421704460023987,3.0037975874680683e-05
946,0.9257529174238867,0.07421704460023987,3.0037975874680683e-05
947,0.9257529174238867,0.07421704460023987,3.0037975874680683e-05
948,0.9257529174238867,0.07421704460023987,3.0037975874680683e-05
949,0.9257529174238867,0.07421704460023987,3.0037975874680683e-05
950,0.9257529174238867,0.07421704460023987,3.0037975874680683e-05
951,0.9257529174238867,0.07421704460023987,3.0037975874680683e-05
952,0.9257529174238867,0.07421704460023987,3.0037975874680683e-05
953,0.9257529174238867,0.07421704460023987,3.0037975874680683e-05
954,0.9257529174238867,0.07421704460023987,3.0037975874680683e-05
955,0.9257529174238867,0.07421704460023987,3.0037975874680683e-05
956,0.9257529174238867,0.07421704460023987,3.0037975874680683e-05
957,0.9257529174238867,0.07421704460023987,3.0037975874680683e-05
958,0.9257529174238867,0.07421704460023987,3.0037975874680683e-05
959,0.9257529174238867,0.07421704460023987,3.0037975874680683e-05
960,0.9257529174238867,0.07421704460023987,3.0037975874680683e-05
961,0.9257529174238867,0.07421704460023987,3.0037975874680683e-05
962,0.9257529174238867,0.07421704460023987,3.0037975874680683e-05
963,0.9257529174238867,0.07421704460023987,3.0037975874680683e-05
964,0.9257529174238867,0.07421704460023987,3.0037975874680683e-05
965,0.9257529174238867,0.07421704460023987,3.0037975874680683e-05
966,0.9257529174238867,0.07421704460023987,3.0037975874680683e-05
967,0.9257529174238867,0.07421704460023987,3.0037975874680683e-05
968,0.9257529174238867,0.07421704460023987,3.0037975874680683e-05
969,0.9257529174238867,0.07421704460023987,3.0037975874680683e-05
970,0.9257529174238867,0.07421704460023987,3.0037975874680683e-05
971,0.9257529174238867,0.07421704460023987,3.0037975874680683e-05
972,0.9257529174238867,0.07421704460023987,3.0037975874680683e-05
973,0.9257529174238867,0.07421704460023987,3.0037975874680683e-05
974,0.9257529174238867,0.07421704460023987,3.0037975874680683e-05
975,0.9257529174238867,0.07421704460023987,3.0037975874680683e-05
976,0.9257529174238867,0.07421704460023987,3.0037975874680683e-05
977,0.9257529174238867,0.07421704460023987,3.0037975874680683e-05
978,0.9257529174238867,0.07421704460023987,3.0037975874680683e-05
979,0.9257529174238867,0.07421704460023987,3.0037975874680683e-05
980,0.9257529174238867,0.07421704460023987,3.0037975874680683e-05
981,0.9257529174238867,0.07421704460023987,3.0037975874680683e-05
982,0.9257529174238867,0.07421704460023987,3.0037975874680683e-05
983,0.9257529174238867,0.07421704460023987,3.0037975874680683e-05
984,0.9257529174238867,0.07421704460023987,3.0037975874680683e-05
985,0.9257529174238867,0.07421704460023987,3.0037975874680683e-05
986,0.9257529174238867,0.07421704460023987,3.0037975874680683e-05
987,0.9257529174238867,0.07421704460023987,3.0037975874680683e-05
988,0.9257529174238867,0.07421704460023987,3.0037975874680683e-05
989,0.9257529174238867,0.07421704460023987,3.0037975874680683e-05
990,0.9257529174238867,0.07421704460023987,3.0037975874680683e-05
991,0.9257529174238867,0.07421704460023987,3.0037975874680683e-05
992,0.9257529174238867,0.07421704460023987,3.0037975874680683e-05
993,0.9257529174238867,0.07421704460023987,3.0037975874680683e-05
994,0.9257529174238867,0.07421704460023987,3.0037975874680683e-05
995,0.9257529174238867,0.07421704460023987,3.0037975874680683e-05
996,0.9257529174238867,0.07421704460023987,3.0037975874680683e-05
997,0.9257529174238867,0.07421704460023987,3.0037975874680683e-05
998,0.9257529174238867,0.07421704460023987,3.0037975874680683e-05
999,0.9257529174238867,0.07421704460023987,3.0037975874680683e-05
1000,0.9257529174238867,0.07421704460023987,3.0037975874680683e-05
1001,0.9257529174238867,0.07421704460023987,3.0037975874680683e-05
1002,0.9257529174238867,0.07421704460023987,3.0037975874680683e-05
1003,0.9257529174238867,0.07421704460023987,3.0037975874680683e-05
1004,0.9257529174238867,0.07421704460023987,3.0037975874680683e-05
1005,0.9257529174238867,0.07421704460023987,3.0037975874680683e-05
1006,0.9257529174238867,0.07421704460023987,3.0037975874680683e-05
1007,0.9257529174238867,0.07421704460023987,3.0037975874680683e-05
1008,0.9257529174238867,0.07421704460023987,3.0037975874680683e-05
1009,0.9257529174238867,0.07421704460023987,3.0037975874680683e-05
1010,0.9257529174238867,0.07421704460023987,3.0037975874680683e-05
1011,0.9257529174238867,0.07421704460023987,3.0037975874680683e-05
1012,0.9257529174238867,0.07421704460023987,3.0037975874680683e-05
1013,0.9257529174238867,0.07421704460023987,3.0037975874680683e-05
1014,0.9257529174238867,0.07421704460023987,3.0037975874680683e-05
1015,0.9257529174238867,0.07421704460023987,3.0037975874680683e-05
1016,0.9257529174238867,0.07421704460023987,3.0037975874680683e-05
1017,0.9257529174238867,0.07421704460023987,3.0037975874680683e-05
1018,0.9257529174238867,0.07421704460023987,3.0037975874680683e-05
1019,0.9257529174238867,0.07421704460023987,3.0037975874680683e-05
1020,0.9257529174238867,0.07421704460023987,3.0037975874680683e-05
1021,0.9257529174238867,0.07421704460023987,3.0037975874680683e-05
1022,0.9257529174238867,0.07421704460023987,3.0037975874680683e-05
1023,0.9257529174238867,0.07421704460023987,3.0037975874680683e-05
1024,0.9257529174238867,0.07421704460023987,3.0037975874680683e-05
1025,0.9257529174238867,0.07421704460023987,3.0037975874680683e-05
1026,0.9257529174238867,0.07421704460023987,3.0037975874680683e-05
1027,0.9257529174238867,0.07421704460023987,3.0037975874680683e-05
1028,0.9257529174238867,0.07421704460023987,3.0037975874680683e-05
1029,0.9257529174238867,0.07421704460023987,3.0037975874680683e-05
1030,0.9257529174238867,0.07421704460023987,3.0037975874680683e-05
1031,0.9257529174238867,0.07421704460023987,3.0037975874680683e-05
1032,0.9257529174238867,0.07421704460023987,3.0037975874680683e-05
1033,0.9257529174238867,0.07421704460023987,3.0037975874680683e-05
1034,0.9257529174238867,0.07421704460023987,3.0037975874680683e-05
1035,0.9257529174238867,0.07421704460023987,3.0037975874680683e-05
1036,0.9257529174238867,0.07421704460023987,3.0037975874680683e-05
1037,0.9257529174238867,0.07421704460023987,3.0037975874680683e-05
1038,0.9257529174238867,0.07421704460023987,3.0037975874680683e-05
1039,0.9257529174238867,0.07421704460023987,3.0037975874680683e-05
1040,0.9257529174238867,0.07421704460023987,3.0037975874680683e-05
1041,0.9257529174238867,0.07421704460023987,3.0037975874680683e-05
1042,0.9257529174238867,0.07421704460023987,3.0037975874680683e-05
1043,0.9257529174238867,0.07421704460023987,3.0037975874680683e-05
1044,0.9257529174238867,0.07421704460023987,3.0037975874680683e-05
1045,0.9257529174238867,0.07421704460023987,3.0037975874680683e-05
1046,0.9257529174238867,0.07421704460023987,3.0037975874680683e-05
1047,0.9257529174238867,0.07421704460023987,3.0037975874680683e-05
1048,0.9257529174238867,0.07421704460023987,3.0037975874680683e-05
1049,0.9257529174238867,0.07421704460023987,3.0037975874680683e-05
1050,0.9257529174238867,0.07421704460023987,3.0037975874680683e-05
1051,0.9257529174238867,0.07421704460023987,3.0037975874680683e-05
1052,0.9257529174238867,0.07421704460023987,3.0037975874680683e-05
1053,0.9257529174238867,0.07421704460023987,3.0037975874680683e-05
1054,0.9257529174238867,0.07421704460023987,3.0037975874680683e-05
1055,0.9257529174238867,0.07421704460023987,3.0037975874680683e-05
1056,0.9257529174238867,0.07421704460023987,3.0037975874680683e-05
1057,0.9257529174238867,0.07421704460023987,3.0037975874680683e-05
1058,0.9257529174238867,0.07421704460023987,3.0037975874680683e-05
1059,0.9257529174238867,0.07421704460023987,3.0037975874680683e-05
1060,0.9257529174238867,0.07421704460023987,3.0037975874680683e-05
1061,0.9257529174238867,0.07421704460023987,3.0037975874680683e-05
1062,0.9257529174238867,0.07421704460023987,3.0037975874680683e-05
1063,0.9257529174238867,0.07421704460023987,3.0037975874680683e-05
1064,0.9257529174238867,0.07421704460023987,3.0037975874680683e-05
1065,0.9257529174238867,0.07421704460023987,3.0037975874680683e-05
1066,0.9257529174238867,0.07421704460023987,3.0037975874680683e-05
1067,0.9257529174238867,0.07421704460023987,3.0037975874680683e-05
1068,0.9257529174238867,0.07421704460023987,3.0037975874680683e-05
1069,0.9257529174238867,0.07421704460023987,3.0037975874680683e-05
1070,0.9257529174238867,0.07421704460023987,3.0037975874680683e-05
1071,0.9257529174238867,0.07421704460023987,3.0037975874680683e-05
1072,0.9257529174238867,0.07421704460023987,3.0037975874680683e-05
1073,0.9257529174238867,0.07421704460023987,3.0037975874680683e-05
1074,0.9257529174238867,0.07421704460023987,3.0037975874680683e-05
1075,0.9257529174238867,0.07421704460023987,3.0037975874680683e-05
1076,0.9257529174238867,0.07421704460023987,3.0037975874680683e-05
1077,0.9257529174238867,0.07421704460023987,3.0037975874680683e-05
1078,0.9257529174238867,0.07421704460023987,3.0037975874680683e-05
1079,0.9257529174238867,0.07421704460023987,3.0037975874680683e-05
1080,0.9257529174238867,0.07421704460023987,3.0037975874680683e-05
1081,0.9257529174238867,0.07421704460023987,3.0037975874680683e-05
1082,0.9257529174238867,0.07421704460023987,3.0037975874680683e-05
1083,0.9257529174238867,0.07421704460023987,3.0037975874680683e-05
1084,0.9257529174238867,0.07421704460023987,3.0037975874680683e-05
1085,0.9257529174238867,0.07421704460023987,3.0037975874680683e-05
1086,0.9257529174238867,0.07421704460023987,3.0037975874680683e-05
1087,0.9257529174238867,0.07421704460023987,3.0037975874680683e-05
1088,0.9257529174238867,0.07421704460023987,3.0037975874680683e-05
1089,0.9257529174238867,0.07421704460023987,3.0037975874680683e-05
1090,0.9257529174238867,0.07421704460023987,3.0037975874680683e-05
1091,0.9257529174238867,0.07421704460023987,3.0037975874680683e-05
1092,0.9257529174238867,0.07421704460023987,3.0037975874680683e-05
1093,0.9257529174238867,0.07421704460023987,3.0037975874680683e-05
1094,0.9257529174238867,0.07421704460023987,3.0037975874680683e-05
1095,0.9257529174238867,0.07421704460023987,3.0037975874680683e-05
1096,0.9257529174238867,0.07421704460023987,3.0037975874680683e-05
1097,0.9257529174238867,0.07421704460023987,3.0037975874680683e-05
1098,0.9257529174238867,0.07421704460023987,3.0037975874680683e-05
1099,0.9257529174238867,0.07421704460023987,3.0037975874680683e-05
1100,0.9257529174238867,0.07421704460023987,3.0037975874680683e-05
1101,0.9257529174238867,0.07421704460023987,3.0037975874680683e-05
1102,0.9257529174238867,0.07421704460023987,3.0037975874680683e-05
1103,0.9257529174238867,0.07421704460023987,3.0037975874680683e-05
1104,0.9257529174238867,0.07421704460023987,3.0037975874680683e-05
1105,0.9257529174238867,0.07421704460023987,3.0037975874680683e-05
1106,0.9257529174238867,0.07421704460023987,3.0037975874680683e-05
1107,0.9257529174238867,0.07421704460023987,3.0037975874680683e-05
1108,0.9257529174238867,0.07421704460023987,3.0037975874680683e-05
1109,0.9257529174238867,0.07421704460023987,3.0037975874680683e-05
1110,0.9257529174238867,0.07421704460023987,3.0037975874680683e-05
1111,0.9257529174238867,0.07421704460023987,3.0037975874680683e-05
1112,0.9257529174238867,0.07421704460023987,3.0037975874680683e-05
1113,0.9257529174238867,0.07421704460023987,3.0037975874680683e-05
1114,0.9257529174238867,0.07421704460023987,3.0037975874680683e-05
1115,0.9257529174238867,0.07421704460023987,3.0037975874680683e-05
1116,0.9257529174238867,0.07421704460023987,3.0037975874680683e-05
1117,0.9257529174238867,0.07421704460023987,3.0037975874680683e-05
1118,0.9257529174238867,0.07421704460023987,3.0037975874680683e-05
1119,0.9257529174238867,0.07421704460023987,3.0037975874680683e-05
1120,0.9257529174238867,0.07421704460023987,3.0037975874680683e-05
1121,0.9257529174238867,0.07421704460023987,3.0037975874680683e-05
1122,0.9257529174238867,0.07421704460023987,3.0037975874680683e-05
1123,0.9257529174238867,0.07421704460023987,3.0037975874680683e-05
1124,0.9257529174238867,0.07421704460023987,3.0037975874680683e-05
1125,0.9257529174238867,0.07421704460023987,3.0037975874680683e-05
1126,0.9257529174238867,0.07421704460023987,3.0037975874680683e-05
1127,0.9257529174238867,0.07421704460023987,3.0037975874680683e-05
1128,0.9257529174238867,0.07421704460023987,3.0037975874680683e-05
1129,0.9257529174238867,0.07421704460023987,3.0037975874680683e-05
1130,0.9257529174238867,0.07421704460023987,3.0037975874680683e-05
1131,0.9257529174238867,0.07421704460023987,3.0037975874680683e-05
1132,0.9257529174238867,0.07421704460023987,3.0037975874680683e-05
1133,0.9257529174238867,0.07421704460023987,3.0037975874680683e-05
1134,0.9257529174238867,0.07421704460023987,3.0037975874680683e-05
1135,0.9257529174238867,0.07421704460023987,3.0037975874680683e-05
1136,0.9257529174238867,0.07421704460023987,3.0037975874680683e-05
1137,0.9257529174238867,0.07421704460023987,3.0037975874680683e-05
1138,0.9257529174238867,0.07421704460023987,3.0037975874680683e-05
1139,0.9257529174238867,0.07421704460023987,3.0037975874680683e-05
1140,0.9257529174238867,0.07421704460023987,3.0037975874680683e-05
1141,0.9257529174238867,0.07421704460023987,3.0037975874680683e-05
1142,0.9257529174238867,0.07421704460023987,3.0037975874680683e-05
1143,0.9257529174238867,0.07421704460023987,3.0037975874680683e-05
1144,0.9257529174238867,0.07421704460023987,3.0037975874680683e-05
1145,0.9257529174238867,0.07421704460023987,3.0037975874680683e-05
1146,0.9257529174238867,0.07421704460023987,3.0037975874680683e-05
1147,0.9257529174238867,0.07421704460023987,3.0037975874680683e-05
1148,0.9257529174238867,0.07421704460023987,3.0037975874680683e-05
1149,0.9257529174238867,0.07421704460023987,3.0037975874680683e-05
1150,0.9257529174238867,0.07421704460023987,3.0037975874680683e-05
1151,0.9257529174238867,0.07421704460023987,3.0037975874680683e-05
1152,0.9257529174238867,0.07421704460023987,3.0037975874680683e-05
1153,0.9257529174238867,0.07421704460023987,3.0037975874680683e-05
1154,0.9257529174238867,0.07421704460023987,3.0037975874680683e-05
1155,0.9257529174238867,0.07421704460023987,3.0037975874680683e-05
1156,0.9257529174238867,0.07421704460023987,3.0037975874680683e-05
1157,0.9257529174238867,0.07421704460023987,3.0037975874680683e-05
1158,0.9257529174238867,0.07421704460023987,3.0037975874680683e-05
1159,0.9257529174238867,0.07421704460023987,3.0037975874680683e-05
1160,0.9257529174238867,0.07421704460023987,3.0037975874680683e-05
1161,0.9257529174238867,0.07421704460023987,3.0037975874680683e-05
1162,0.9257529174238867,0.07421704460023987,3.0037975874680683e-05
1163,0.9257529174238867,0.07421704460023987,3.0037975874680683e-05
1164,0.9257529174238867,0.07421704460023987,3.0037975874680683e-05
1165,0.9257529174238867,0.07421704460023987,3.0037975874680683e-05
1166,0.9257529174238867,0.07421704460023987,3.0037975874680683e-05
1167,0.9257529174238867,0.07421704460023987,3.0037975874680683e-05
1168,0.9257529174238867,0.07421704460023987,3.0037975874680683e-05
1169,0.9257529174238867,0.07421704460023987,3.0037975874680683e-05
1170,0.9257529174238867,0.07421704460023987,3.0037975874680683e-05
1171,0.9257529174238867,0.07421704460023987,3.0037975874680683e-05
1172,0.9257529174238867,0.07421704460023987,3.0037975874680683e-05
1173,0.9257529174238867,0.07421704460023987,3.0037975874680683e-05
1174,0.9257529174238867,0.07421704460023987,3.0037975874680683e-05
1175,0.9257529174238867,0.07421704460023987,3.0037975874680683e-05
1176,0.9257529174238867,0.07421704460023987,3.0037975874680683e-05
1177,0.9257529174238867,0.07421704460023987,3.0037975874680683e-05
1178,0.9257529174238867,0.07421704460023987,3.0037975874680683e-05
1179,0.9257529174238867,0.07421704460023987,3.0037975874680683e-05
1180,0.9257529174238867,0.07421704460023987,3.0037975874680683e-05
1181,0.9257529174238867,0.07421704460023987,3.0037975874680683e-05
1182,0.9257529174238867,0.07421704460023987,3.0037975874680683e-05
1183,0.9257529174238867,0.07421704460023987,3.0037975874680683e-05
1184,0.9257529174238867,0.07421704460023987,3.0037975874680683e-05
1185,0.9257529174238867,0.07421704460023987,3.0037975874680683e-05
1186,0.9257529174238867,0.07421704460023987,3.0037975874680683e-05
1187,0.9257529174238867,0.07421704460023987,3.0037975874680683e-05
1188,0.9257529174238867,0.07421704460023987,3.0037975874680683e-05
1189,0.9257529174238867,0.07421704460023987,3.0037975874680683e-05
1190,0.9257529174238867,0.07421704460023987,3.0037975874680683e-05
1191,0.9257529174238867,0.07421704460023987,3.0037975874680683e-05
1192,0.9257529174238867,0.07421704460023987,3.0037975874680683e-05
1193,0.9257529174238867,0.07421704460023987,3.0037975874680683e-05
1194,0.9257529174238867,0.07421704460023987,3.0037975874680683e-05
1195,0.9257529174238867,0.07421704460023987,3.0037975874680683e-05
1196,0.9257529174238867,0.07421704460023987,3.0037975874680683e-05
1197,0.9257529174238867,0.07421704460023987,3.0037975874680683e-05
1198,0.9257529174238867,0.07421704460023987,3.0037975874680683e-05
1199,0.9257529174238867,0.07421704460023987,3.0037975874680683e-05
1200,0.9257529174238867,0.07421704460023987,3.0037975874680683e-05
1201,0.9257529174238867,0.07421704460023987,3.0037975874680683e-05
1202,0.9257529174238867,0.07421704460023987,3.0037975874680683e-05
1203,0.9257529174238867,0.07421704460023987,3.0037975874680683e-05
1204,0.9257529174238867,0.07421704460023987,3.0037975874680683e-05
1205,0.9257529174238867,0.07421704460023987,3.0037975874680683e-05
1206,0.9257529174238867,0.07421704460023987,3.0037975874680683e-05
1207,0.9257529174238867,0.07421704460023987,3.0037975874680683e-05
1208,0.9257529174238867,0.07421704460023987,3.0037975874680683e-05
1209,0.9257529174238867,0.07421704460023987,3.0037975874680683e-05
1210,0.9257529174238867,0.07421704460023987,3.0037975874680683e-05
1211,0.9257529174238867,0.07421704460023987,3.0037975874680683e-05
1212,0.9257529174238867,0.07421704460023987,3.0037975874680683e-05
1213,0.9257529174238867,0.07421704460023987,3.0037975874680683e-05
1214,0.9257529174238867,0.07421704460023987,3.0037975874680683e-05
1215,0.9257529174238867,0.07421704460023987,3.0037975874680683e-05
1216,0.9257529174238867,0.07421704460023987,3.0037975874680683e-05
1217,0.9257529174238867,0.07421704460023987,3.0037975874680683e-05
1218,0.9257529174238867,0.07421704460023987,3.0037975874680683e-05
1219,0.9257529174238867,0.07421704460023987,3.0037975874680683e-05
1220,0.9257529174238867,0.07421704460023987,3.0037975874680683e-05
1221,0.9257529174238867,0.07421704460023987,3.0037975874680683e-05
1222,0.9257529174238867,0.07421704460023987,3.0037975874680683e-05
1223,0.9257529174238867,0.07421704460023987,3.0037975874680683e-05
1224,0.9257529174238867,0.07421704460023987,3.0037975874680683e-05
1225,0.9257529174238867,0.07421704460023987,3.0037975874680683e-05
1226,0.9257529174238867,0.07421704460023987,3.0037975874680683e-05
1227,0.9257529174238867,0.07421704460023987,3.0037975874680683e-05
1228,0.9257529174238867,0.07421704460023987,3.0037975874680683e-05
1229,0.9257529174238867,0.07421704460023987,3.0037975874680683e-05
1230,0.9257529174238867,0.07421704460023987,3.0037975874680683e-05
1231,0.9257529174238867,0.07421704460023987,3.0037975874680683e-05
1232,0.9257529174238867,0.07421704460023987,3.0037975874680683e-05
1233,0.9257529174238867,0.07421704460023987,3.0037975874680683e-05
1234,0.9257529174238867,0.07421704460023987,3.0037975874680683e-05
1235,0.9257529174238867,0.07421704460023987,3.0037975874680683e-05
1236,0.9257529174238867,0.07421704460023987,3.0037975874680683e-05
1237,0.9257529174238867,0.07421704460023987,3.0037975874680683e-05
1238,0.9257529174238867,0.07421704460023987,3.0037975874680683e-05
1239,0.9257529174238867,0.07421704460023987,3.0037975874680683e-05
1240,0.9257529174238867,0.07421704460023987,3.0037975874680683e-05
1241,0.9257529174238867,0.07421704460023987,3.0037975874680683e-05
1242,0.9257529174238867,0.07421704460023987,3.0037975874680683e-05
1243,0.9257529174238867,0.07421704460023987,3.0037975874680683e-05
1244,0.9257529174238867,0.07421704460023987,3.0037975874680683e-05
1245,0.9257529174238867,0.07421704460023987,3.0037975874680683e-05
1246,0.9257529174238867,0.07421704460023987,3.0037975874680683e-05
1247,0.9257529174238867,0.07421704460023987,3.0037975874680683e-05
1248,0.9257529174238867,0.07421704460023987,3.0037975874680683e-05
1249,0.9257529174238867,0.07421704460023987,3.0037975874680683e-05
