t,UD,SAL
0,3.88,5.6066
1,4.7185,5.6129
2,4.9582,5.0034
3,5.0333,5.035
4,5.1088,4.5291
5,5.1632,4.9666
6,5.4264,4.7091
7,4.9269,4.7667
8,5.0234,4.3506
9,5.4149,4.8317
10,5.4469,5.2944
11,5.4169,4.5669
12,5.2422,4.9215
13,5.3414,4.8589
14,5.2902,4.2357
15,5.2695,4.5059
16,5.3956,5.1872
17,4.9535,4.9125
18,5.0661,4.6303
19,5.278,4.7744
20,5.2533,4.7821
21,5.1217,4.6995
22,5.0282,5.0706
23,5.0625,5.2426
24,5.2743,4.7824
25,5.3469,4.6688
26,5.1109,5.1253
27,5.0935,4.9026
28,5.2408,5.019
29,5.0533,4.9158
30,5.0548,4.7061
31,5.4112,5.0545
32,5.1866,4.8418
33,5.2039,4.2815
34,5.482,4.9495
35,5.346,4.2006
36,5.0739,4.6009
37,5.108,5.185
38,5.5291,4.5169
39,5.6358,4.8047
40,5.2015,4.9496
41,5.0506,4.8948
42,5.2128,4.6984
43,5.1173,5.5292
44,5.1745,4.8013
45,5.3035,4.7869
46,5.3091,4.7275
47,5.0995,4.5808
48,5.1247,4.4318
49,5.2891,4.9508
50,3.9079,6.0221
51,4.3878,5.9491
52,3.4918,5.7187
53,4.27,5.3672
54,4.722,5.2566
55,5.2319,4.703
56,5.2264,4.4896
57,5.0939,4.9504
58,5.4648,4.8189
59,5.1135,5.0118
60,4.9853,4.9767
61,5.3284,4.8871
62,5.1134,4.7846
63,5.224,4.6632
64,5.2225,4.7194
65,5.1467,4.4734
66,5.1869,4.4248
67,5.4562,4.4739
68,5.3707,4.8755
69,4.9447,4.8095
70,5.1625,5.0749
71,5.3621,4.6899
72,5.2593,4.4014
73,5.1874,4.5605
74,5.2509,4.7759
75,5.2965,4.364
76,5.2223,5.1944
77,4.7735,5.3022
78,5.4363,4.5119
79,5.2391,4.7251
80,5.3461,4.6779
81,5.1816,4.8102
82,5.3076,4.368
83,5.0965,4.3643
84,4.9923,5.0217
85,5.0156,4.8391
86,5.264,4.3477
87,5.2493,4.4255
88,5.0859,5.0347
89,4.974,5.0121
90,5.0792,5.1665
91,5.1458,4.8515
92,5.1799,4.8253
93,5.2722,4.7867
94,4.9022,5.1916
95,5.0233,4.6721
96,5.1554,4.6519
97,5.0874,4.9595
98,5.0314,4.7661
99,5.0884,4.6711
100,3.92,5.5834
101,4.2013,5.4186
102,3.6842,6.2584
103,4.4479,5.4795
104,4.9348,4.8087
105,5.1915,4.4138
106,5.2954,4.5768
107,4.927,4.9167
108,4.9147,5.1983
109,5.2371,5.0664
110,5.1611,4.7267
111,4.7822,4.5535
112,5.246,4.8775
113,5.3892,4.8245
114,5.3013,4.537
115,5.3129,4.4909
116,5.1529,4.5967
117,5.3519,4.3682
118,4.9661,4.5915
119,5.1269,4.4015
120,5.3371,4.4309
121,5.2559,4.5837
122,5.284,5.0206
123,5.0821,4.7123
124,5.0113,5.0419
125,5.2411,5.0206
126,5.3366,4.8015
127,5.0305,4.97
128,4.8608,4.6671
129,5.2114,4.6986
130,5.3298,4.999
131,5.2213,4.9677
132,5.2644,4.6746
133,5.1715,4.7676
134,5.1123,4.8914
135,4.9855,4.9968
136,4.8989,5.0429
137,5.2188,5.201
138,5.2206,4.6412
139,5.085,4.4621
140,5.2196,5.0452
141,5.4235,4.6302
142,5.3462,5.3322
143,4.9693,4.8755
144,5.1711,5.2156
145,5.2069,5.2605
146,5.1769,4.9555
147,5.2088,5.0154
148,4.9813,4.8728
149,5.2071,5.1273
150,3.6257,6.0126
151,4.7741,5.4891
152,4.8578,5.2935
153,5.0594,4.74
154,5.017,4.3891
155,5.3587,4.5652
156,4.9893,4.4515
157,5.3662,4.6687
158,4.9952,5.0533
159,5.2631,4.5751
160,4.9947,4.5322
161,5.0044,4.8044
162,5.1969,4.6799
163,5.1401,4.8057
164,5.3646,4.7538
165,5.2788,4.4908
166,5.0351,4.8491
167,5.1728,4.5963
168,5.139,4.8309
169,5.27,5.0924
170,5.4837,4.5057
171,5.2011,5.1337
172,5.2468,4.6681
173,5.1241,4.8866
174,5.0104,5.2345
175,5.0459,4.8752
176,5.1419,4.5504
177,5.4577,5.4787
178,5.009,4.3443
179,5.1068,4.4678
180,4.8923,4.4547
181,5.035,4.9354
182,5.1267,5.032
183,5.1217,4.6499
184,5.0411,4.3734
185,5.0793,4.7616
186,5.0928,4.7957
187,5.178,4.2344
188,5.2469,4.5847
189,5.3079,4.6855
190,5.1122,4.8978
191,5.3251,4.6701
192,5.1618,4.8534
193,5.1612,4.2942
194,5.3847,4.8357
195,5.6139,4.542
196,5.2464,4.9032
197,5.302,4.7167
198,5.2981,4.9094
199,5.4123,5.1242
200,3.8186,6.066
201,4.7498,5.1769
202,4.6519,5.2152
203,5.1249,5.2143
204,5.2005,5.2178
205,5.1746,4.9109
206,4.9835,4.9326
207,5.1562,5.1524
208,5.0126,4.5051
209,5.3038,4.784
210,5.3651,5.2364
211,5.4203,5.1243
212,5.1934,4.8814
213,5.1581,4.4803
214,5.0831,4.635
215,5.3563,4.6368
216,5.3426,4.5476
217,5.06,4.6678
218,5.1879,4.8887
219,5.0683,5.0652
220,5.0413,4.7532
221,5.069,4.3924
222,5.5523,4.5058
223,5.2528,4.9663
224,5.0286,4.7045
225,5.115,5.3501
226,5.0588,5.0081
227,5.4288,4.6378
228,5.5247,4.792
229,5.1197,4.4965
230,5.1098,4.8913
231,5.1399,4.7936
232,5.1644,4.5653
233,5.4911,4.9631
234,5.0443,4.7798
235,4.95,4.678
236,5.194,5.2843
237,5.0351,4.7883
238,5.0704,4.8948
239,5.0833,5.2008
240,5.2946,4.9079
241,5.1823,4.8941
242,5.3281,4.5436
243,5.2157,4.8681
244,5.0795,4.8174
245,5.0849,4.2362
246,5.4243,4.5805
247,5.2824,4.8562
248,4.9498,4.8152
249,5.3293,4.9424
250,3.9941,5.7058
251,3.8884,5.2889
252,3.7665,6.2606
253,4.5581,4.6574
254,4.8397,4.7573
255,5.0291,4.7383
256,5.1837,4.9078
257,5,4.4112
258,5.3861,4.2277
259,5.1184,4.9387
260,4.9901,4.7635
261,5.1128,5.1406
262,5.0518,5.1154
263,4.9347,4.8584
264,5.3704,4.8075
265,5.1747,4.9752
266,5.3963,4.6516
267,5.0245,5.3416
268,5.0773,4.6959
269,5.3594,4.8618
270,5.0572,4.8008
271,5.435,5.0906
272,5.2597,5.0186
273,5.3134,4.5895
274,5.2362,4.8324
275,5.2814,4.8812
276,5.2717,4.6567
277,5.0623,5.0149
278,5.2466,4.719
279,5.3568,4.8856
280,4.9908,4.5689
281,5.3026,4.7708
282,5.1248,4.9673
283,5.1442,4.6952
284,5.253,4.9731
285,4.834,5.0916
286,5.2863,4.5096
287,5.1985,4.6529
288,5.2109,4.5054
289,5.3387,4.9141
290,5.167,4.5023
291,4.9373,4.9638
292,4.9431,4.6494
293,5.1584,4.4448
294,5.1338,4.9547
295,5.3813,4.85
296,5.3601,4.6721
297,4.9441,5.0026
298,5.0569,4.9962
299,5.3689,5.0152
300,3.9865,6.1347
301,4.7214,5.0487
302,4.7332,5.3297
303,4.8853,4.887
304,5.2401,4.7318
305,5.0646,4.8106
306,5.0581,5.116
307,5.3866,4.5704
308,5.1972,5.0292
309,5.2061,4.908
310,5.2075,4.8281
311,5.0524,4.524
312,4.7635,4.7208
313,5.2983,5.0555
314,5.1393,4.9397
315,5.1895,4.9102
316,5.1624,4.8015
317,5.2093,5.0777
318,5.2855,4.8984
319,5.1649,4.644
320,5.128,4.7664
321,4.9547,4.4289
322,5.2325,4.8141
323,4.7166,4.9556
324,5.2726,4.4319
325,5.1857,5.0444
326,5.2828,4.6719
327,5.3535,4.8647
328,5.0813,4.7989
329,5.3524,4.4624
330,4.9591,4.9307
331,5.154,4.7768
332,5.2976,4.949
333,5.1372,4.711
334,4.997,4.6569
335,5.3381,4.81
336,5.1186,4.7366
337,5.3542,4.8968
338,5.2255,4.9976
339,5.2716,4.6942
340,5.1389,4.6512
341,5.3563,4.5915
342,5.3255,5.001
343,5.1259,4.6558
344,5.2457,4.8851
345,5.2318,5.1969
346,5.1904,4.5034
347,5.1566,4.8344
348,5.0989,5.1692
349,4.9393,4.9563
350,3.967,5.7202
351,4.413,5.2053
352,4.6624,5.1968
353,4.7659,4.985
354,5.2788,4.59
355,4.9503,4.5826
356,4.9499,4.8092
357,5.0492,4.1935
358,5.3853,4.7494
359,4.965,5.1239
360,5.5546,4.6857
361,5.3331,4.8582
362,4.9895,4.936
363,5.4176,4.6863
364,5.1662,4.5291
365,5.4919,4.4564
366,5.2853,4.784
367,5.2125,5.0325
368,5.1807,5.4073
369,5.2129,4.9052
370,5.2415,4.4916
371,4.9059,5.3302
372,5.327,4.752
373,5.1042,5.4442
374,5.3815,4.6494
375,5.2522,4.8368
376,5.1778,4.7797
377,5.5434,4.5885
378,5.1216,4.5118
379,5.3434,4.777
380,4.8305,5.1362
381,5.1338,4.8127
382,5.1292,4.9953
383,4.9453,5.4
384,5.6644,4.6686
385,5.2711,4.9049
386,5.1258,4.903
387,5.1436,4.6514
388,5.2082,5.0791
389,5.2385,5.181
390,5.0016,5.192
391,4.9822,4.7664
392,5.1785,4.8501
393,5.1816,4.9547
394,5.4634,4.8325
395,5.1723,4.8262
396,5.2999,4.6011
397,5.1231,4.405
398,5.2537,4.5887
399,5.1038,4.6091
400,4.0038,5.5232
401,4.7968,5.2383
402,4.6213,5.4918
403,5.1874,4.9587
404,5.2051,4.856
405,4.9226,5.2843
406,5.3028,4.9118
407,4.9144,4.5324
408,4.9985,4.9873
409,5.2611,4.4827
410,5.0583,4.6493
411,5.3395,4.1862
412,5.234,4.9047
413,5.284,5.1578
414,5.3844,4.7714
415,5.3914,4.7338
416,5.1578,4.7959
417,4.9725,4.4481
418,5.3428,4.6323
419,5.2274,4.5479
420,5.2458,4.8455
421,5.2375,4.8219
422,5.3399,5.1028
423,5.3053,4.9415
424,5.2547,4.4026
425,5.4099,4.9888
426,4.9614,4.7632
427,5.1913,4.8393
428,5.2585,4.477
429,5.0418,4.5635
430,4.9475,4.844
431,5.1297,4.6177
432,5.0101,4.7104
433,5.4079,4.5757
434,5.0963,4.7627
435,5.1159,4.2244
436,5.3519,5.0552
437,5.519,4.5077
438,5.4415,4.798
439,5.3359,4.574
440,4.9885,4.8196
441,5.3559,4.6189
442,5.2378,4.6205
443,5.155,4.9976
444,4.8543,4.5458
445,4.9657,4.5159
446,5.1258,4.438
447,5.2245,4.8415
448,5.338,4.7226
449,5.1044,4.6004
450,3.9052,5.8549
451,4.6148,4.907
452,4.8354,5.4081
453,4.8832,4.4508
454,5.4126,4.7298
455,5.3009,4.7558
456,5.1323,4.5571
457,5.4209,4.6106
458,5.0313,5.2121
459,5.2592,4.7855
460,4.8562,4.806
461,5.2928,4.2541
462,5.1471,4.7493
463,5.1162,4.7194
464,4.9753,4.9423
465,4.946,4.9172
466,5.2987,5.1812
467,5.0644,4.8122
468,5.0348,5.009
469,5.5238,4.5641
470,5.3391,4.6385
471,5.1768,4.4372
472,5.0072,5.0148
473,5.345,4.9017
474,5.1898,5.0116
475,5.2979,4.6347
476,5.1276,5.0053
477,5.2393,4.8458
478,5.1985,5.1001
479,5.3671,4.5001
480,4.9219,4.9652
481,5.0894,4.7684
482,4.9875,4.7581
483,5.2924,5.187
484,5.1478,4.9299
485,5.3851,4.6109
486,5.0285,4.6085
487,5.3013,4.4138
488,5.1007,4.9476
489,5.1085,4.7089
490,5.1479,4.5099
491,5.4681,4.8694
492,5.206,4.5279
493,5.209,4.5455
494,5.1858,4.6933
495,5.3305,5.1921
496,5.2435,4.6513
497,5.4466,4.9617
498,5.3619,4.7225
499,5.1213,4.5936
500,3.9193,5.6842
501,4.4041,5.6531
502,4.7076,5.0938
503,5.1027,5.1563
504,5.4226,4.4189
505,5.5036,5.0733
506,5.1476,4.8943
507,5.0967,4.9831
508,5.2905,4.8
509,5.2666,4.9923
510,5.2137,4.4164
511,5.1347,5.1287
512,5.2426,4.5208
513,5.1315,4.8496
514,4.955,4.9868
515,5.0855,4.9447
516,5.2045,4.4516
517,5.1187,5.1192
518,5.352,5.0986
519,5.263,4.498
520,5.2357,4.8066
521,5.4593,4.5125
522,5.3359,4.9062
523,5.355,4.9648
524,5.068,4.4159
525,5.3266,5.2655
526,5.1309,4.353
527,5.153,4.4174
528,5.3396,4.7774
529,5.1422,4.6901
530,5.0468,4.9264
531,5.4167,5.0638
532,5.3001,4.8824
533,5.2065,4.6253
534,5.1639,5.0381
535,5.2917,4.6593
536,5.0482,4.6789
537,5.1413,4.6266
538,4.9752,4.8711
539,5.3053,4.5792
540,5.0542,5.0492
541,5.0563,4.4531
542,5.126,4.2652
543,5.4184,4.8773
544,5.4756,5.0456
545,5.0962,5.1327
546,5.0054,4.5695
547,5.1503,4.5654
548,5.3216,4.7553
549,5.0519,4.4452
550,3.9295,6.4829
551,4.0524,6.0767
552,3.8088,5.9799
553,4.5216,5.052
554,5.036,5.0751
555,5.2188,4.7393
556,4.973,4.6867
557,5.1979,5.1231
558,5.0689,4.7076
559,5.0623,4.6124
560,5.2643,4.6042
561,5.1483,4.926
562,5.3326,4.9898
563,5.383,5.0024
564,5.1243,4.8272
565,5.1512,4.6184
566,5.3311,4.328
567,5.1685,4.7503
568,5.3028,4.902
569,5.2097,4.741
570,5.6312,4.5348
571,5.4604,4.9222
572,5.1801,4.7837
573,5.1938,4.8248
574,5.2147,4.7101
575,5.4236,5.072
576,5.0169,4.9813
577,5.1655,4.6415
578,5.308,4.4217
579,5.3666,4.8372
580,5.2055,5.2549
581,5.3939,4.4403
582,5.2125,4.8983
583,5.3826,4.8571
584,5.3367,4.9137
585,5.1745,4.9988
586,5.4107,4.8864
587,5.1895,4.6017
588,5.2633,5.1476
589,5.3011,4.7101
590,5.4251,5.0481
591,5.1404,4.6342
592,5.4074,4.6978
593,5.287,4.4435
594,5.5631,4.814
595,5.3384,4.6882
596,4.802,4.7382
597,5.3984,4.7086
598,4.9577,5.0136
599,5.1176,5.238
600,3.564,5.8403
601,4.2212,5.8159
602,3.4514,6.459
603,4.062,5.4734
604,5.1864,5.4076
605,5.3761,4.8051
606,5.4059,5.0051
607,5.2672,4.6236
608,4.9612,4.7736
609,5.3364,4.5861
610,5.4004,4.7444
611,5.0561,4.6049
612,5.0142,4.7552
613,5.2435,4.6289
614,5.2932,4.983
615,5.1373,5.1841
616,5.097,5.1255
617,4.989,4.4821
618,5.3913,4.7964
619,5.1114,5.2321
620,5.0305,4.7643
621,5.4737,4.1674
622,5.1827,4.8832
623,5.243,4.7248
624,5.3316,4.4999
625,5.1285,5.16
626,5.2874,4.8759
627,5.0777,4.7481
628,4.95,5.109
629,4.9877,4.8127
630,5.3313,5.1339
631,5.0696,4.7886
632,5.1848,4.9214
633,5.2256,4.761
634,5.2518,4.5301
635,5.2394,4.8244
636,5.2005,5.037
637,5.4645,5.0144
638,5.0792,4.4902
639,5.5344,4.2191
640,5.2118,4.6307
641,5.6073,4.6939
642,5.1723,4.7856
643,5.1617,4.7265
644,5.4283,4.9434
645,5.3254,4.8613
646,5.2686,4.3937
647,5.2372,4.8997
648,5.3512,4.542
649,5.0817,4.6705
650,4.0061,5.948
651,4.7072,5.4921
652,4.6975,5.2313
653,4.8059,5.0795
654,5.1369,5.03
655,5.0703,4.4498
656,5.1293,4.8668
657,5.1732,5.1607
658,5.3317,4.5404
659,5.0202,5.0485
660,5.1175,5.4173
661,5.1036,4.5727
662,5.3379,4.7609
663,4.9696,4.916
664,5.1055,4.8233
665,5.5126,4.8654
666,5.3369,4.752
667,5.1335,4.442
668,5.1002,4.8355
669,5.4425,4.6019
670,5.2221,4.8872
671,5.3305,5.1969
672,4.9437,4.8355
673,5.1169,4.2819
674,5.2309,4.4796
675,5.3257,4.9057
676,5.4052,5.342
677,5.1433,5.0924
678,5.2159,4.9239
679,5.1794,5.0762
680,5.1392,4.5345
681,5.0963,4.454
682,5.2362,4.7359
683,5.1364,5.1002
684,5.3881,4.6226
685,5.0926,4.9149
686,5.1193,4.6116
687,5.4481,4.7276
688,5.2193,4.8625
689,5.2903,4.833
690,5.2491,4.8345
691,4.9477,4.8464
692,5.1895,4.5959
693,5.3371,4.5498
694,5.1472,4.5096
695,5.2254,4.9302
696,5.1979,5.2091
697,5.4813,4.9182
698,4.874,4.9315
699,5.0678,4.6275
700,3.823,6.1215
701,4.6569,5.4096
702,5.0065,5.2571
703,5.0149,4.718
704,5.2175,4.6356
705,4.9355,4.4753
706,5.3098,4.51
707,5.036,4.8964
708,5.3241,4.5628
709,5.3217,4.9088
710,5.2704,4.8788
711,5.1249,4.8832
712,5.157,4.3296
713,5.0378,4.6587
714,5.218,4.878
715,5.1091,4.5578
716,5.1764,4.7902
717,5.043,4.8435
718,5.3353,4.5195
719,5.1586,4.9962
720,5.0871,4.8821
721,5.0497,4.8751
722,5.156,4.69
723,5,4.4934
724,5.2212,4.93
725,5.2964,4.4674
726,5.2746,4.5299
727,5.1147,4.8069
728,5.3607,4.7467
729,5.0957,5.1264
730,5.0554,4.8464
731,5.3136,4.8748
732,5.1778,4.2765
733,5.3894,4.8406
734,5.3101,5.0151
735,5.2012,5.1111
736,4.9305,4.7768
737,5.3336,5.0023
738,5.157,4.6733
739,5.4435,4.5606
740,5.3067,4.836
741,4.9962,4.5663
742,5.2133,4.5451
743,5.321,4.4569
744,5.1876,4.7297
745,4.9885,4.4664
746,5.2934,4.7761
747,5.3768,4.8664
748,4.9527,4.7099
749,5.1081,5.3955
750,3.9056,5.7995
751,4.2433,5.5875
752,3.7022,6.5436
753,4.5443,5.2397
754,4.8101,4.7948
755,5.1274,4.6766
756,5.3678,4.5468
757,5.2637,4.7881
758,5.3181,4.6376
759,5.3254,5.0037
760,5.166,4.8576
761,5.0744,4.6335
762,5.2345,4.779
763,5.0896,4.8111
764,5.0878,4.7342
765,5.1076,4.4653
766,5.3011,4.7162
767,5.5242,5.2382
768,5.1029,4.5582
769,5.209,4.8712
770,5.2687,4.4978
771,5.0936,5.0096
772,5.0741,4.9468
773,5.0855,4.7087
774,5.2536,4.205
775,4.8892,4.6632
776,5.2839,4.8166
777,5.0917,4.9843
778,5.1259,4.6606
779,5.0806,4.9464
780,5.1648,4.4824
781,4.9725,4.7117
782,5.0954,5.1377
783,5.3367,4.6696
784,5.137,4.2852
785,5.1805,4.5538
786,5.4328,4.8593
787,5.2138,4.7318
788,5.2794,4.5682
789,5.1621,4.852
790,5.125,4.9534
791,5.2861,5.0853
792,4.9388,5.1302
793,5.3487,4.9426
794,5.2346,4.937
795,5.346,5.1847
796,5.3063,5.1377
797,5.2984,4.7003
798,5.2175,4.8425
799,5.4186,4.9807
800,3.9411,5.9197
801,4.2754,5.946
802,3.6271,5.8136
803,4.2341,5.7474
804,4.5073,5.7742
805,5.1271,4.6769
806,5.2827,4.5021
807,5.2552,4.9582
808,5.2699,4.6088
809,5.1691,4.8345
810,5.2257,4.6533
811,5.2284,4.9248
812,5.0788,4.3884
813,5.4154,4.8441
814,5.2845,4.6666
815,5.1688,4.5799
816,5.2293,4.2586
817,5.075,4.8562
818,5.331,4.9794
819,5.325,4.4298
820,5.255,4.8281
821,5.2456,4.9079
822,5.3177,4.6325
823,5.3254,4.562
824,5.3075,4.8423
825,5.0999,5.1008
826,5.1405,5.0209
827,5.436,4.9261
828,5.1387,4.8948
829,4.8552,5.0868
830,5.3005,4.8737
831,5.1205,4.7252
832,5.0631,4.9198
833,5.023,4.4507
834,5.2063,4.8325
835,5.2447,4.8343
836,5.1111,4.7121
837,5.3492,4.9357
838,5.1705,4.994
839,5.3498,4.5252
840,5.1413,4.6567
841,5.3079,4.6482
842,5.1292,4.9383
843,5.1392,4.9436
844,5.4893,4.4156
845,5.188,5.1991
846,5.1249,4.5273
847,5.2563,4.8552
848,5.3317,4.8137
849,5.1835,4.1722
850,3.7757,6.4647
851,4.3611,5.7315
852,3.7993,5.3809
853,4.2706,5.6245
854,4.7716,5.1152
855,5.3514,4.6031
856,5.3329,4.8912
857,5.3685,4.7829
858,5.4429,4.7792
859,5.2907,5.0477
860,5.5029,4.8081
861,5.289,4.6614
862,5.1687,4.911
863,5.2779,4.3925
864,5.1292,5.3009
865,5.3499,4.2161
866,5.0154,4.762
867,5.0874,4.8962
868,5.2826,4.5516
869,5.3829,4.8597
870,5.1853,4.6125
871,4.9281,4.8878
872,5.3179,4.5492
873,5.0671,4.8431
874,5.2671,4.735
875,5.1499,4.6584
876,5.1219,4.4161
877,5.0545,4.7816
878,5.1411,5.1496
879,5.3423,4.6729
880,5.2077,4.9698
881,5.114,4.6991
882,5.3563,4.8188
883,5.2497,5.0156
884,5.3941,4.5849
885,5.3996,5.059
886,5.2615,4.9413
887,4.8396,4.9361
888,5.1894,4.7188
889,5.3164,4.4958
890,5.3099,4.6766
891,5.3435,4.8228
892,5.4162,4.4043
893,5.0253,5.2319
894,5.5286,4.9776
895,5.1715,4.6518
896,5.3691,4.487
897,5.4741,4.3343
898,5.0911,4.8076
899,5.3497,5.0885
900,4.1119,5.2549
901,4.6479,5.1287
902,4.8322,5.2255
903,4.9098,4.9002
904,5.3657,5.273
905,5.5002,4.5074
906,5.2466,4.8502
907,5.4547,4.4909
908,5.2494,4.7373
909,4.9638,4.8465
910,5.2196,4.9636
911,5.2406,5.3623
912,5.3171,4.583
913,5.2832,4.8761
914,5.156,4.7045
915,5.3289,5.1811
916,5.0373,4.7574
917,5.2843,5.0623
918,5.2415,4.6629
919,5.1758,4.2798
920,5.3971,4.6388
921,4.9455,5.0858
922,5.3748,4.6261
923,5.1722,4.3466
924,5.0822,4.7752
925,5.265,4.8522
926,5.0146,4.4046
927,5.4062,5.0295
928,5.1122,4.6162
929,5.0291,4.9529
930,4.8006,4.4669
931,5.1407,4.729
932,5.5135,4.4287
933,5.1494,4.7108
934,5.3873,5.2795
935,4.9699,4.7793
936,5.2709,5.242
937,4.9484,4.6152
938,5.1566,5.0121
939,5.3678,5.1253
940,5.2784,4.5207
941,5.2257,4.8746
942,5.1245,4.8766
943,5.2394,4.7247
944,5.1803,4.7558
945,5.1944,4.7372
946,5.4074,4.8525
947,5.2269,4.7028
948,4.9773,4.2936
949,5.2789,4.9877
950,3.7305,5.3111
951,4.3235,5.1172
952,4.7384,4.7336
953,5.1198,4.8205
954,4.9817,4.3501
955,5.2272,4.9432
956,5.0889,5.0508
957,5.2423,5.1421
958,5.4775,4.66
959,5.4366,4.4156
960,5.1617,5.0803
961,5.0215,4.5183
962,5.4083,4.9601
963,5.3705,4.8676
964,5.1872,4.3882
965,5.3571,4.4133
966,5.2646,4.8698
967,5.2369,4.6965
968,5.0474,4.9216
969,5.162,4.5351
970,4.8709,5.0318
971,5.2413,5.1723
972,5.1243,4.7684
973,4.9553,5.0722
974,5.272,4.6575
975,5.4563,4.3509
976,5.1663,5.0147
977,5.3426,4.656
978,5.1728,4.9258
979,4.8885,5.1386
980,5.1109,4.1262
981,4.9222,4.6213
982,5.0665,5.2974
983,5.0183,4.6854
984,5.0345,4.8276
985,5.0283,5.157
986,5.2869,4.9563
987,5.105,4.5899
988,5.4363,4.7622
989,5.2717,4.4749
990,5.46,4.962
991,5.193,4.5108
992,5.0221,4.7848
993,4.9809,4.6401
994,5.1236,4.995
995,5.337,5.0502
996,5.3668,4.841
997,5.3513,4.9541
998,4.9679,5.2376
999,5.1902,4.6231
1000,3.7584,5.9845
1001,4.6961,5.3969
1002,4.7173,5.4143
1003,4.898,4.7577
1004,5.0746,4.9217
1005,5.2889,5.0132
1006,5.2248,4.758
1007,5.0039,4.8976
1008,5.0437,4.5208
1009,5.1289,4.9912
1010,4.9354,5.0528
1011,5.1176,4.7845
1012,5.0447,4.5323
1013,5.2987,4.5907
1014,5.1832,4.5483
1015,5.147,4.7092
1016,5.5023,4.8458
1017,4.9805,4.7828
1018,5.2188,4.5062
1019,5.0853,4.8795
1020,5.4227,4.8209
1021,5.1752,4.9362
1022,5.3652,4.7588
1023,5.0978,4.7401
1024,5.1386,4.5599
1025,5.217,4.8144
1026,5.3511,5.182
1027,5.1893,5.0367
1028,5.1281,4.5826
1029,5.4879,4.8387
1030,5.0503,4.6871
1031,5.0609,4.7098
1032,5.5889,4.68
1033,5.3666,4.7165
1034,5.3016,4.5852
1035,5.1965,4.6285
1036,5.4019,5.1988
1037,5.0517,4.5937
1038,5.0972,4.5297
1039,5.3282,4.9591
1040,5.122,4.8109
1041,5.1554,5.0809
1042,5.3188,4.7786
1043,5.3674,4.851
1044,5.3572,4.8435
1045,5.4783,4.8238
1046,5.2121,5.3477
1047,5.0499,4.5784
1048,5.1726,4.925
1049,5.1684,4.9794
1050,3.7335,5.4037
1051,4.6444,4.9057
1052,4.8494,4.9141
1053,5.2999,4.9963
1054,5.3508,4.458
1055,5.0776,5.0151
1056,5.2585,4.6328
1057,5.2858,4.7817
1058,5.3188,4.9961
1059,5.2624,4.8324
1060,5.204,4.8596
1061,4.9865,4.7503
1062,5.3023,4.771
1063,5.5591,4.6533
1064,5.0314,4.4862
1065,5.1413,4.5179
1066,5.1938,4.7272
1067,5.2306,4.8698
1068,5.314,4.9709
1069,5.2964,4.6814
1070,5.3316,4.4122
1071,5.518,4.7343
1072,5.4484,4.4978
1073,5.1986,4.8939
1074,5.4148,4.7073
1075,5.261,4.7844
1076,5.4899,4.8699
1077,4.9676,4.7444
1078,5.3751,5.3373
1079,4.9403,4.7156
1080,5.5048,4.9016
1081,5.2402,4.0469
1082,5.4631,4.5325
1083,5.1218,4.8894
1084,5.2067,5.0296
1085,5.0396,4.5774
1086,5.2241,4.7572
1087,5.2915,4.7603
1088,4.8745,4.8177
1089,5.2193,4.3817
1090,5.2768,4.618
1091,5.3346,4.8877
1092,5.3833,4.8823
1093,5.0722,5.035
1094,5.2873,4.2846
1095,5.2246,4.4232
1096,5.1601,5.0188
1097,4.8268,4.5879
1098,5.2155,4.6636
1099,5.4939,5.0708
1100,4.2467,6.1534
1101,4.6897,5.5168
1102,4.6401,4.9726
1103,4.7875,4.4063
1104,5.1081,4.7502
1105,5.0145,4.9052
1106,5.1228,5.096
1107,5.3912,4.6465
1108,5.1811,4.8966
1109,5.3172,4.4433
1110,4.8568,4.6617
1111,5.1304,4.6647
1112,5.4549,4.765
1113,5.257,4.3274
1114,5.3645,4.3897
1115,5.3168,4.9624
1116,5.3367,4.9377
1117,4.9033,4.7957
1118,5.3809,4.8434
1119,5.2496,4.7345
1120,4.9006,4.6899
1121,5.1153,4.8074
1122,5.0457,5.0475
1123,5.1166,4.6155
1124,5.1398,4.7927
1125,5.3134,4.8783
1126,5.2206,4.3318
1127,5.0759,4.7857
1128,5.5297,4.9384
1129,5.4139,4.8281
1130,5.4437,5.1062
1131,5.2592,4.3335
1132,5.0507,4.2794
1133,5.2285,4.6935
1134,5.2118,5.1531
1135,5.1895,4.607
1136,5.1263,4.8858
1137,5.0393,4.7565
1138,5.1174,4.679
1139,5.2768,5.0175
1140,5.1886,4.8369
1141,5.3095,4.7376
1142,5.2275,4.8731
1143,5.2487,4.9088
1144,5.4319,4.7478
1145,5.345,4.308
1146,5.1206,5.0695
1147,5.3255,5.1197
1148,5.2457,4.6227
1149,5.0847,4.8534
1150,3.7732,6.539
1151,4.2717,5.2944
1152,3.497,5.914
1153,4.2622,5.8109
1154,5.1531,5.1913
1155,5.4181,4.7386
1156,5.0941,4.9301
1157,5.2063,5.2127
1158,4.7539,4.7077
1159,5.0846,4.9367
1160,5.1658,4.5439
1161,5.1509,4.7854
1162,5.0599,4.8499
1163,5.3833,4.8049
1164,5.0649,4.7143
1165,5.2459,4.7911
1166,5.1647,4.8581
1167,5.044,4.9847
1168,5.0723,4.9527
1169,5.4124,5.1225
1170,4.9811,4.759
1171,5.2257,4.7492
1172,5.269,4.6889
1173,4.8866,4.8043
1174,5.1533,4.779
1175,5.3511,4.5109
1176,5.2316,4.9593
1177,5.2919,4.8754
1178,5.3113,4.7485
1179,5.2977,4.9798
1180,5.2126,5.1555
1181,5.0783,5.0896
1182,5.1102,4.9723
1183,5.4519,4.8425
1184,5.2802,4.9224
1185,4.9688,5.1925
1186,4.8762,5.2944
1187,5.0642,4.8767
1188,5.0696,4.9644
1189,5.3224,4.6819
1190,5.1826,4.869
1191,4.9291,4.4227
1192,5.2641,4.534
1193,5.2067,4.8652
1194,5.3267,4.9428
1195,5.4222,4.7541
1196,5.4668,4.8813
1197,5.1756,4.7546
1198,5.2632,5.0121
1199,5.1447,4.7712
1200,4.0502,5.511
1201,4.5947,5.3911
1202,4.542,5.5724
1203,5.1179,4.9285
1204,4.9836,4.8754
1205,5.0021,4.8013
1206,5.3348,5.2191
1207,5.0681,4.9508
1208,5.4402,4.602
1209,5.2815,4.633
1210,5.0253,5.0941
1211,5.2925,5.0535
1212,5.2011,4.9427
1213,5.1799,4.7514
1214,5.2875,4.8047
1215,5.1785,5.0199
1216,5.0928,4.8282
1217,5.0786,4.5745
1218,5.13,4.4617
1219,5.0232,4.8981
1220,5.2331,4.5789
1221,5.3507,4.2478
1222,5.0704,4.5745
1223,5.1557,4.8351
1224,5.0544,4.7732
1225,5.0265,4.8086
1226,5.2458,4.9202
1227,5.3502,5.0863
1228,5.2914,4.9816
1229,5.1612,4.5422
1230,4.9847,4.8161
1231,5.132,4.5584
1232,4.9742,4.6147
1233,5.3198,5.2937
1234,5.2162,5.1282
1235,5.1385,4.7727
1236,5.041,4.6557
1237,5.1356,4.6786
1238,5.471,5.0168
1239,5.3727,4.581
1240,5.1023,4.9473
1241,5.072,4.8534
1242,5.1452,5.2091
1243,5.5326,4.847
1244,5.1257,4.8327
1245,5.1459,4.8371
1246,5.1915,4.8268
1247,5.223,4.2878
1248,5.3504,4.7141
1249,5.108,5.2641
